Year,EndDate,Net,LG,totcount
2001,2001-06-28,231S,3,2
2001,2001-07-02,230N,3,2
2001,2001-07-02,230S,3,4
2001,2001-07-03,230N,3,15
2001,2001-07-03,230S,3,41
2001,2001-07-04,230N,3,8
2001,2001-07-04,230S,3,55
2001,2001-07-04,231S,3,8
2001,2001-07-05,230N,3,12
2001,2001-07-05,230S,3,26
2001,2001-07-05,231N,3,5
2001,2001-07-05,231S,3,8
2001,2001-07-06,230N,3,5
2001,2001-07-06,230S,3,23
2001,2001-07-06,231S,3,1
2001,2001-07-07,231N,3,2
2001,2001-07-08,230N,3,3
2001,2001-07-14,230N,3,1
2001,2001-07-15,230N,3,2
2001,2001-07-16,218E,3,4
2001,2001-07-16,218W,3,4
2001,2001-07-17,218E,3,4
2001,2001-07-17,218W,3,3
2001,2001-07-17,220E,3,1
2001,2001-07-17,220W,3,1
2001,2001-07-17,230S,3,1
2001,2001-07-17,231N,3,1
2001,2001-07-18,230N,3,3
2001,2001-07-18,230S,3,5
2001,2001-07-18,231N,3,2
2001,2001-07-19,230N,3,2
2001,2001-07-19,230S,3,5
2001,2001-07-19,231N,3,42
2001,2001-07-19,231S,3,8
2001,2001-07-20,218E,3,3
2001,2001-07-20,218W,3,7
2001,2001-07-20,230N,3,1
2001,2001-07-20,231N,3,2
2001,2001-07-21,218E,3,2
2001,2001-07-21,218W,3,3
2001,2001-07-21,220E,3,3
2001,2001-07-21,220W,3,1
2001,2001-07-21,230N,3,2
2001,2001-07-21,230S,3,5
2001,2001-07-21,231N,3,6
2001,2001-07-21,231S,3,6
2001,2001-07-22,218W,3,2
2001,2001-07-22,220W,3,3
2001,2001-07-22,230S,3,2
2001,2001-07-22,231N,3,9
2001,2001-07-22,231S,3,2
2001,2001-07-23,218E,3,16
2001,2001-07-23,218W,3,1
2001,2001-07-23,220E,3,4
2001,2001-07-23,220W,3,6
2001,2001-07-23,230N,3,1
2001,2001-07-23,230S,3,8
2001,2001-07-23,231N,3,5
2001,2001-07-23,231S,3,5
2001,2001-07-24,218E,3,3
2001,2001-07-24,218W,3,3
2001,2001-07-24,220E,3,4
2001,2001-07-24,220W,3,16
2001,2001-07-24,230N,3,9
2001,2001-07-24,230S,3,22
2001,2001-07-24,231N,3,1
2001,2001-07-24,231S,3,6
2001,2001-07-25,218E,3,7
2001,2001-07-25,220E,3,4
2001,2001-07-25,220W,3,9
2001,2001-07-25,230N,3,3
2001,2001-07-25,230S,3,28
2001,2001-07-25,231N,3,2
2001,2001-07-25,231S,3,4
2001,2001-07-26,218E,3,5
2001,2001-07-26,218W,3,1
2001,2001-07-26,220E,3,20
2001,2001-07-26,220W,3,14
2001,2001-07-26,230S,3,10
2001,2001-07-26,231N,3,1
2001,2001-07-26,231S,3,2
2001,2001-07-27,218E,3,5
2001,2001-07-27,218W,3,1
2001,2001-07-27,220E,3,9
2001,2001-07-27,230N,3,2
2001,2001-07-27,230S,3,3
2001,2001-07-27,231N,3,1
2001,2001-07-28,218E,3,2
2001,2001-07-28,218W,3,2
2001,2001-07-28,220E,3,1
2001,2001-07-28,230S,3,24
2001,2001-07-29,218W,3,5
2001,2001-07-29,220E,3,3
2001,2001-07-29,220W,3,9
2001,2001-07-29,230N,3,6
2001,2001-07-29,230S,3,21
2001,2001-07-29,231N,3,5
2001,2001-07-29,231S,3,2
2001,2001-07-30,218W,3,1
2001,2001-07-30,220E,3,5
2001,2001-07-30,220W,3,15
2001,2001-07-30,230N,3,5
2001,2001-07-30,230S,3,39
2001,2001-07-30,231N,3,1
2001,2001-07-30,231S,3,2
2001,2001-07-31,218E,3,2
2001,2001-07-31,218W,3,1
2001,2001-07-31,220E,3,9
2001,2001-07-31,220W,3,7
2001,2001-07-31,230N,3,1
2001,2001-07-31,230S,3,6
2001,2001-07-31,231N,3,1
2001,2001-07-31,231S,3,4
2001,2001-08-01,218E,3,4
2001,2001-08-01,218W,3,1
2001,2001-08-01,220E,3,1
2001,2001-08-01,220W,3,1
2001,2001-08-01,230N,3,1
2001,2001-08-01,230S,3,2
2001,2001-08-02,218E,3,3
2001,2001-08-02,218W,3,3
2001,2001-08-02,220W,3,2
2001,2001-08-02,230N,3,4
2001,2001-08-02,230S,3,6
2001,2001-08-02,231N,3,3
2001,2001-08-02,231S,3,4
2001,2001-08-03,218E,3,1
2001,2001-08-03,220E,3,2
2001,2001-08-03,220W,3,10
2001,2001-08-03,230N,3,1
2001,2001-08-03,230S,3,2
2001,2001-08-04,218E,3,3
2001,2001-08-04,220E,3,3
2001,2001-08-04,220W,3,1
2001,2001-08-04,230N,3,2
2001,2001-08-04,230S,3,5
2001,2001-08-04,231N,3,8
2001,2001-08-04,231S,3,1
2001,2001-08-05,218E,3,21
2001,2001-08-05,218W,3,2
2001,2001-08-05,220W,3,2
2001,2001-08-05,230N,3,2
2001,2001-08-05,230S,3,4
2001,2001-08-05,231N,3,2
2001,2001-08-06,218E,3,1
2001,2001-08-06,218W,3,1
2001,2001-08-06,220E,3,2
2001,2001-08-06,220W,3,3
2001,2001-08-06,230N,3,2
2001,2001-08-06,230S,3,3
2001,2001-08-07,218E,3,2
2001,2001-08-07,218W,3,2
2001,2001-08-07,220E,3,1
2001,2001-08-07,220W,3,2
2001,2001-08-07,230N,3,1
2001,2001-08-07,230S,3,1
2001,2001-08-07,231N,3,15
2001,2001-08-07,231S,3,12
2001,2001-08-08,220E,3,1
2001,2001-08-08,230S,3,6
2001,2001-08-09,218E,3,3
2001,2001-08-09,218W,3,2
2001,2001-08-09,220E,3,1
2001,2001-08-09,230N,3,1
2001,2001-08-09,230S,3,1
2001,2001-08-09,231N,3,5
2001,2001-08-09,231S,3,1
2001,2001-08-10,218E,3,4
2001,2001-08-10,218W,3,1
2001,2001-08-10,220E,3,5
2001,2001-08-10,220W,3,2
2001,2001-08-10,230N,3,5
2001,2001-08-10,231N,3,4
2001,2001-08-10,231S,3,5
2001,2001-08-11,218E,3,26
2001,2001-08-11,218W,3,7
2001,2001-08-11,220E,3,4
2001,2001-08-11,220W,3,4
2001,2001-08-11,230N,3,18
2001,2001-08-11,230S,3,37
2001,2001-08-11,231N,3,3
2001,2001-08-11,231S,3,1
2001,2001-08-12,218E,3,14
2001,2001-08-12,218W,3,17
2001,2001-08-12,220E,3,1
2001,2001-08-12,220W,3,2
2001,2001-08-12,231N,3,1
2001,2001-08-12,231S,3,1
2001,2001-08-13,218E,3,1
2001,2001-08-13,220W,3,1
2001,2001-08-13,230N,3,29
2001,2001-08-13,230S,3,14
2001,2001-08-13,231S,3,2
2001,2001-08-14,218E,3,3
2001,2001-08-14,218W,3,2
2001,2001-08-14,220E,3,3
2001,2001-08-14,220W,3,6
2001,2001-08-14,230N,3,3
2001,2001-08-14,230S,3,4
2001,2001-08-14,231N,3,11
2001,2001-08-14,231S,3,3
2001,2001-08-15,218W,3,2
2001,2001-08-15,220E,3,2
2001,2001-08-15,220W,3,1
2001,2001-08-15,230N,3,12
2001,2001-08-15,230S,3,9
2001,2001-08-15,231N,3,6
2001,2001-08-16,218E,3,2
2001,2001-08-16,230N,3,2
2001,2001-08-16,230S,3,8
2001,2001-08-16,231N,3,1
2001,2001-08-16,231S,3,1
2001,2001-08-17,218E,3,1
2001,2001-08-17,220E,3,2
2001,2001-08-17,220W,3,2
2001,2001-08-18,218E,3,5
2001,2001-08-18,218W,3,3
2001,2001-08-18,220E,3,1
2001,2001-08-18,220W,3,2
2001,2001-08-18,230N,3,1
2001,2001-08-18,230S,3,6
2001,2001-08-18,231N,3,2
2001,2001-08-18,231S,3,2
2001,2001-08-19,218E,3,2
2001,2001-08-19,218W,3,2
2001,2001-08-19,220E,3,1
2001,2001-08-19,220W,3,1
2001,2001-08-19,230N,3,1
2001,2001-08-19,231N,3,8
2001,2001-08-19,231S,3,1
2001,2001-08-20,218E,3,4
2001,2001-08-20,218W,3,3
2001,2001-08-20,220E,3,2
2001,2001-08-21,220E,3,2
2001,2001-08-21,220W,3,1
2001,2001-08-22,218W,3,1
2001,2001-08-22,220W,3,1
2001,2001-08-22,230S,3,1
2001,2001-08-23,218W,3,1
2001,2001-08-23,220E,3,2
2001,2001-08-24,218E,3,1
2001,2001-08-24,218W,3,1
2001,2001-08-24,220E,3,2
2001,2001-08-25,218E,3,1
2001,2001-08-25,220E,3,3
2001,2001-08-25,220W,3,1
2001,2001-08-25,230S,3,1
2001,2001-08-26,218E,3,1
2001,2001-08-26,218W,3,1
2001,2001-08-26,220E,3,1
2001,2001-08-26,220W,3,2
2001,2001-08-26,230N,3,2
2001,2001-08-27,218W,3,3
2001,2001-08-27,220E,3,1
2001,2001-08-28,220E,3,2
2001,2001-08-28,220W,3,1
2001,2001-08-29,218E,3,1
2001,2001-08-29,220E,3,3
2001,2001-08-29,220W,3,1
2002,2002-07-01,230N,3,11
2002,2002-07-01,230S,3,123
2002,2002-07-06,230S,3,3
2002,2002-07-07,230N,3,3
2002,2002-07-07,230S,3,3
2002,2002-07-08,230N,3,4
2002,2002-07-08,230S,3,15
2002,2002-07-09,220E,3,9
2002,2002-07-09,220W,3,4
2002,2002-07-10,220E,3,1
2002,2002-07-10,230N,3,4
2002,2002-07-10,230S,3,1
2002,2002-07-12,214W,3,4
2002,2002-07-13,214W,3,3
2002,2002-07-13,230N,3,1
2002,2002-07-13,230S,3,1
2002,2002-07-15,214E,3,3
2002,2002-07-15,214W,3,4
2002,2002-07-15,230N,3,1
2002,2002-07-15,230S,3,1
2002,2002-07-16,214W,3,1
2002,2002-07-16,218E,3,4
2002,2002-07-16,230S,3,1
2002,2002-07-17,214W,3,2
2002,2002-07-17,218E,3,1
2002,2002-07-17,218W,3,4
2002,2002-07-17,220E,3,1
2002,2002-07-17,230N,3,1
2002,2002-07-18,214E,3,3
2002,2002-07-18,214W,3,34
2002,2002-07-18,218E,3,10
2002,2002-07-18,218W,3,6
2002,2002-07-18,220E,3,10
2002,2002-07-18,220W,3,5
2002,2002-07-18,230N,3,4
2002,2002-07-18,230S,3,1
2002,2002-07-19,214E,3,23
2002,2002-07-19,214W,3,12
2002,2002-07-19,218E,3,3
2002,2002-07-19,218W,3,1
2002,2002-07-19,220E,3,3
2002,2002-07-19,220W,3,2
2002,2002-07-19,230N,3,1
2002,2002-07-19,230S,3,1
2002,2002-07-20,214E,3,6
2002,2002-07-20,214W,3,5
2002,2002-07-20,218E,3,1
2002,2002-07-20,218W,3,3
2002,2002-07-20,230S,3,1
2002,2002-07-21,214W,3,4
2002,2002-07-21,218W,3,4
2002,2002-07-21,230N,3,1
2002,2002-07-21,230S,3,3
2002,2002-07-22,214E,3,1
2002,2002-07-22,214W,3,1
2002,2002-07-22,218W,3,1
2002,2002-07-22,230N,3,3
2002,2002-07-22,230S,3,3
2002,2002-07-23,214W,3,2
2002,2002-07-23,230N,3,2
2002,2002-07-23,230S,3,12
2002,2002-07-24,214W,3,1
2002,2002-07-24,218E,3,2
2002,2002-07-25,218E,3,1
2002,2002-07-25,218W,3,2
2002,2002-07-25,220W,3,1
2002,2002-07-26,218E,3,1
2002,2002-07-26,220E,3,2
2002,2002-07-26,220W,3,1
2002,2002-07-27,214E,3,1
2002,2002-07-27,214W,3,1
2002,2002-07-27,230N,3,1
2002,2002-07-27,230S,3,5
2002,2002-07-28,214W,3,1
2002,2002-07-28,220W,3,2
2002,2002-07-28,230N,3,1
2002,2002-07-29,220W,3,1
2002,2002-07-29,230N,3,1
2002,2002-07-30,220W,3,1
2002,2002-07-31,218W,3,1
2002,2002-07-31,220E,3,1
2002,2002-08-01,220E,3,1
2002,2002-08-01,220W,3,1
2002,2002-08-01,230N,3,1
2002,2002-08-01,230S,3,1
2002,2002-08-02,218E,3,1
2002,2002-08-02,220E,3,1
2002,2002-08-02,220W,3,1
2002,2002-08-02,230N,3,2
2002,2002-08-02,230S,3,3
2002,2002-08-03,218W,3,1
2002,2002-08-03,220E,3,1
2002,2002-08-03,220W,3,1
2002,2002-08-04,214W,3,2
2002,2002-08-04,218E,3,1
2002,2002-08-04,218W,3,1
2002,2002-08-04,230N,3,1
2002,2002-08-04,230S,3,8
2002,2002-08-05,220E,3,1
2002,2002-08-05,220W,3,1
2002,2002-08-05,230N,3,2
2002,2002-08-05,230S,3,6
2002,2002-08-06,230S,3,4
2002,2002-08-07,230S,3,6
2002,2002-08-08,220E,3,1
2002,2002-08-08,230S,3,2
2002,2002-08-09,214E,3,1
2002,2002-08-09,214W,3,5
2002,2002-08-09,218W,3,1
2002,2002-08-09,230N,3,1
2002,2002-08-09,230S,3,1
2002,2002-08-10,214E,3,1
2002,2002-08-11,214E,3,3
2002,2002-08-11,214W,3,1
2002,2002-08-11,218E,3,1
2002,2002-08-11,220E,3,2
2002,2002-08-11,230N,3,1
2002,2002-08-11,230S,3,1
2002,2002-08-13,214E,3,1
2002,2002-08-13,218W,3,1
2002,2002-08-13,220E,3,1
2002,2002-08-13,230S,3,1
2002,2002-08-14,214E,3,5
2002,2002-08-14,214W,3,1
2002,2002-08-14,218W,3,1
2002,2002-08-14,230N,3,4
2002,2002-08-14,230S,3,1
2002,2002-08-16,230N,3,3
2002,2002-08-16,230S,3,22
2002,2002-08-18,220E,3,1
2002,2002-08-20,218W,3,1
2002,2002-08-21,214E,3,3
2002,2002-08-21,214W,3,17
2002,2002-08-22,214E,3,3
2002,2002-08-22,214W,3,13
2002,2002-08-23,214W,3,3
2002,2002-08-23,230N,3,1
2002,2002-08-23,230S,3,7
2002,2002-08-24,214E,3,2
2002,2002-08-24,214W,3,5
2002,2002-08-24,230N,3,1
2002,2002-08-24,230S,3,3
2002,2002-08-25,214W,3,1
2002,2002-08-26,214W,3,3
2002,2002-08-26,230N,3,1
2002,2002-08-27,230N,3,1
2002,2002-08-28,214E,3,1
2002,2002-08-28,214W,3,2
2002,2002-08-29,214W,3,1
2003,2003-06-29,230N,3,1
2003,2003-06-29,230S,3,4
2003,2003-06-30,230S,3,2
2003,2003-07-03,230N,3,2
2003,2003-07-03,230S,3,12
2003,2003-07-04,230S,3,15
2003,2003-07-05,214E,3,5
2003,2003-07-05,214W,3,15
2003,2003-07-05,230N,3,10
2003,2003-07-05,230S,3,9
2003,2003-07-06,214E,3,3
2003,2003-07-06,214W,3,29
2003,2003-07-06,230N,3,13
2003,2003-07-06,230S,3,14
2003,2003-07-07,214E,3,9
2003,2003-07-07,214W,3,68
2003,2003-07-07,230N,3,25
2003,2003-07-07,230S,3,24
2003,2003-07-08,230N,3,6
2003,2003-07-08,230S,3,5
2003,2003-07-09,214E,3,24
2003,2003-07-09,214W,3,19
2003,2003-07-09,230N,3,3
2003,2003-07-09,230S,3,12
2003,2003-07-11,214E,3,14
2003,2003-07-11,214W,3,59
2003,2003-07-11,220E,3,2
2003,2003-07-11,220W,3,2
2003,2003-07-11,230N,3,4
2003,2003-07-11,230S,3,8
2003,2003-07-12,214W,3,5
2003,2003-07-12,218E,3,37
2003,2003-07-12,218W,3,10
2003,2003-07-12,220E,3,12
2003,2003-07-12,220W,3,2
2003,2003-07-12,230S,3,5
2003,2003-07-13,214E,3,2
2003,2003-07-13,214W,3,9
2003,2003-07-13,218E,3,12
2003,2003-07-13,218W,3,11
2003,2003-07-13,220W,3,12
2003,2003-07-13,230N,3,4
2003,2003-07-13,230S,3,6
2003,2003-07-14,214E,3,3
2003,2003-07-14,214W,3,18
2003,2003-07-14,220E,3,12
2003,2003-07-14,220W,3,8
2003,2003-07-14,230N,3,7
2003,2003-07-14,230S,3,3
2003,2003-07-15,220E,3,9
2003,2003-07-15,220W,3,2
2003,2003-07-15,230S,3,1
2003,2003-07-16,214E,3,3
2003,2003-07-16,214W,3,30
2003,2003-07-16,218E,3,3
2003,2003-07-16,218W,3,9
2003,2003-07-16,220E,3,20
2003,2003-07-16,220W,3,2
2003,2003-07-16,230N,3,1
2003,2003-07-16,230S,3,1
2003,2003-07-17,214E,3,7
2003,2003-07-17,214W,3,23
2003,2003-07-17,218E,3,4
2003,2003-07-17,218W,3,5
2003,2003-07-17,220E,3,33
2003,2003-07-17,220W,3,6
2003,2003-07-17,230S,3,1
2003,2003-07-18,218E,3,1
2003,2003-07-18,218W,3,4
2003,2003-07-18,220E,3,3
2003,2003-07-18,220W,3,1
2003,2003-07-18,230S,3,3
2003,2003-07-19,220E,3,5
2003,2003-07-19,220W,3,15
2003,2003-07-19,230N,3,16
2003,2003-07-19,230S,3,39
2003,2003-07-20,218E,3,5
2003,2003-07-20,218W,3,3
2003,2003-07-20,220E,3,7
2003,2003-07-20,220W,3,1
2003,2003-07-20,230S,3,5
2003,2003-07-21,214E,3,2
2003,2003-07-21,214W,3,13
2003,2003-07-21,218E,3,21
2003,2003-07-21,218W,3,7
2003,2003-07-21,230N,3,5
2003,2003-07-21,230S,3,7
2003,2003-07-22,214E,3,5
2003,2003-07-22,214W,3,6
2003,2003-07-22,218E,3,3
2003,2003-07-22,218W,3,8
2003,2003-07-22,230N,3,1
2003,2003-07-22,230S,3,8
2003,2003-07-23,214W,3,16
2003,2003-07-23,218E,3,4
2003,2003-07-23,218W,3,4
2003,2003-07-23,230S,3,3
2003,2003-07-24,214E,3,2
2003,2003-07-24,214W,3,10
2003,2003-07-24,218E,3,2
2003,2003-07-24,218W,3,1
2003,2003-07-24,230N,3,2
2003,2003-07-24,230S,3,6
2003,2003-07-25,218E,3,1
2003,2003-07-25,218W,3,5
2003,2003-07-25,230N,3,5
2003,2003-07-25,230S,3,16
2003,2003-07-26,218E,3,2
2003,2003-07-26,218W,3,7
2003,2003-07-26,220E,3,3
2003,2003-07-26,220W,3,1
2003,2003-07-26,230N,3,4
2003,2003-07-26,230S,3,7
2003,2003-07-27,218W,3,1
2003,2003-07-27,230N,3,2
2003,2003-07-27,230S,3,6
2003,2003-07-29,220E,3,1
2003,2003-07-30,220W,3,1
2003,2003-07-31,218E,3,1
2003,2003-07-31,218W,3,1
2003,2003-07-31,220E,3,5
2003,2003-07-31,220W,3,4
2003,2003-08-01,214E,3,4
2003,2003-08-01,214W,3,46
2003,2003-08-01,218E,3,7
2003,2003-08-01,218W,3,2
2003,2003-08-01,220E,3,30
2003,2003-08-01,220W,3,4
2003,2003-08-02,214W,3,2
2003,2003-08-02,218E,3,6
2003,2003-08-02,218W,3,3
2003,2003-08-02,220E,3,16
2003,2003-08-02,220W,3,1
2003,2003-08-03,214E,3,1
2003,2003-08-03,214W,3,4
2003,2003-08-03,218E,3,1
2003,2003-08-03,218W,3,3
2003,2003-08-03,220E,3,5
2003,2003-08-04,214E,3,3
2003,2003-08-04,214W,3,7
2003,2003-08-04,218W,3,2
2003,2003-08-04,220E,3,10
2003,2003-08-04,220W,3,3
2003,2003-08-04,230N,3,4
2003,2003-08-04,230S,3,6
2003,2003-08-06,220W,3,1
2003,2003-08-06,230N,3,4
2003,2003-08-08,220E,3,1
2003,2003-08-09,218E,3,1
2003,2003-08-09,218W,3,1
2003,2003-08-09,220E,3,3
2003,2003-08-10,218E,3,2
2003,2003-08-10,220E,3,4
2003,2003-08-10,220W,3,2
2003,2003-08-10,230N,3,2
2003,2003-08-10,230S,3,1
2003,2003-08-11,214W,3,11
2003,2003-08-11,218E,3,4
2003,2003-08-11,218W,3,2
2003,2003-08-11,220E,3,4
2003,2003-08-11,220W,3,1
2003,2003-08-11,230S,3,3
2003,2003-08-12,214E,3,3
2003,2003-08-12,214W,3,6
2003,2003-08-12,218E,3,4
2003,2003-08-12,218W,3,2
2003,2003-08-12,220E,3,2
2003,2003-08-12,220W,3,1
2003,2003-08-12,230N,3,2
2003,2003-08-12,230S,3,2
2003,2003-08-13,214W,3,1
2003,2003-08-13,218E,3,6
2003,2003-08-13,230N,3,4
2003,2003-08-14,214W,3,2
2003,2003-08-14,218E,3,9
2003,2003-08-14,218W,3,2
2003,2003-08-14,220E,3,5
2003,2003-08-14,230N,3,4
2003,2003-08-14,230S,3,3
2003,2003-08-17,214E,3,2
2003,2003-08-17,214W,3,26
2003,2003-08-17,218E,3,4
2003,2003-08-17,218W,3,4
2003,2003-08-17,220E,3,12
2003,2003-08-17,220W,3,3
2003,2003-08-18,214E,3,1
2003,2003-08-18,214W,3,20
2003,2003-08-18,218W,3,2
2003,2003-08-18,220E,3,3
2003,2003-08-18,230N,3,2
2003,2003-08-18,230S,3,3
2003,2003-08-19,214E,3,1
2003,2003-08-19,214W,3,4
2003,2003-08-19,218E,3,1
2003,2003-08-19,220E,3,2
2003,2003-08-19,220W,3,1
2003,2003-08-20,214E,3,3
2003,2003-08-20,214W,3,5
2003,2003-08-20,218E,3,1
2003,2003-08-20,218W,3,1
2003,2003-08-20,220E,3,5
2003,2003-08-20,220W,3,2
2003,2003-08-21,214W,3,3
2003,2003-08-21,218E,3,19
2003,2003-08-21,218W,3,1
2003,2003-08-21,220E,3,15
2003,2003-08-21,220W,3,7
2003,2003-08-22,214W,3,10
2003,2003-08-22,218E,3,2
2003,2003-08-22,218W,3,2
2003,2003-08-22,220E,3,2
2003,2003-08-22,230N,3,1
2003,2003-08-22,230S,3,5
2003,2003-08-23,214E,3,3
2003,2003-08-23,214W,3,5
2003,2003-08-23,218E,3,14
2003,2003-08-23,220E,3,1
2003,2003-08-23,230N,3,1
2003,2003-08-24,214E,3,1
2003,2003-08-24,218E,3,3
2003,2003-08-24,218W,3,7
2003,2003-08-24,220E,3,9
2003,2003-08-24,220W,3,1
2003,2003-08-25,218E,3,2
2003,2003-08-25,218W,3,1
2003,2003-08-25,220E,3,1
2003,2003-08-26,214E,3,5
2003,2003-08-26,214W,3,9
2003,2003-08-26,218E,3,8
2003,2003-08-26,220E,3,2
2003,2003-08-26,230N,3,1
2003,2003-08-26,230S,3,1
2003,2003-08-27,218E,3,2
2003,2003-08-27,220E,3,3
2003,2003-08-27,230N,3,1
2003,2003-08-28,218E,3,1
2004,2004-07-01,230N,3,4
2004,2004-07-01,230S,3,1
2004,2004-07-02,230S,3,1
2004,2004-07-03,214E,3,5
2004,2004-07-03,214W,3,4
2004,2004-07-03,230N,3,5
2004,2004-07-03,230S,3,2
2004,2004-07-04,214E,3,12
2004,2004-07-04,214W,3,5
2004,2004-07-04,230N,3,2
2004,2004-07-04,230S,3,4
2004,2004-07-05,214E,3,2
2004,2004-07-05,214W,3,9
2004,2004-07-05,230N,3,10
2004,2004-07-05,230S,3,6
2004,2004-07-06,214E,3,1
2004,2004-07-06,214W,3,14
2004,2004-07-06,230N,3,3
2004,2004-07-06,230S,3,4
2004,2004-07-07,214E,3,4
2004,2004-07-07,214W,3,21
2004,2004-07-07,230S,3,2
2004,2004-07-08,214E,3,3
2004,2004-07-08,214W,3,6
2004,2004-07-08,230N,3,8
2004,2004-07-08,230S,3,11
2004,2004-07-09,214E,3,1
2004,2004-07-09,214W,3,13
2004,2004-07-09,218E,3,4
2004,2004-07-09,218W,3,4
2004,2004-07-09,230N,3,4
2004,2004-07-09,230S,3,7
2004,2004-07-10,214E,3,3
2004,2004-07-10,214W,3,17
2004,2004-07-10,218E,3,3
2004,2004-07-10,218W,3,6
2004,2004-07-10,230N,3,9
2004,2004-07-10,230S,3,5
2004,2004-07-11,218E,3,11
2004,2004-07-11,218W,3,10
2004,2004-07-11,230N,3,5
2004,2004-07-11,230S,3,6
2004,2004-07-12,218E,3,9
2004,2004-07-12,218W,3,12
2004,2004-07-12,220E,3,3
2004,2004-07-12,220W,3,12
2004,2004-07-12,230N,3,9
2004,2004-07-12,230S,3,17
2004,2004-07-13,218E,3,6
2004,2004-07-13,220E,3,8
2004,2004-07-14,214E,3,1
2004,2004-07-14,214W,3,13
2004,2004-07-14,218E,3,19
2004,2004-07-14,218W,3,6
2004,2004-07-14,220E,3,26
2004,2004-07-14,220W,3,3
2004,2004-07-14,230N,3,1
2004,2004-07-14,230S,3,10
2004,2004-07-15,214E,3,12
2004,2004-07-15,214W,3,84
2004,2004-07-15,218E,3,48
2004,2004-07-15,218W,3,5
2004,2004-07-15,220E,3,6
2004,2004-07-15,220W,3,1
2004,2004-07-15,230N,3,6
2004,2004-07-15,230S,3,36
2004,2004-07-16,214E,3,7
2004,2004-07-16,214W,3,15
2004,2004-07-16,218E,3,16
2004,2004-07-16,218W,3,10
2004,2004-07-16,220E,3,5
2004,2004-07-16,220W,3,1
2004,2004-07-16,230N,3,2
2004,2004-07-16,230S,3,3
2004,2004-07-17,214W,3,5
2004,2004-07-17,218E,3,1
2004,2004-07-17,218W,3,10
2004,2004-07-17,220E,3,3
2004,2004-07-17,220W,3,1
2004,2004-07-17,230N,3,3
2004,2004-07-17,230S,3,1
2004,2004-07-18,214W,3,11
2004,2004-07-18,218E,3,7
2004,2004-07-18,218W,3,7
2004,2004-07-18,220E,3,14
2004,2004-07-18,220W,3,4
2004,2004-07-18,230N,3,2
2004,2004-07-19,214E,3,18
2004,2004-07-19,214W,3,45
2004,2004-07-19,218E,3,14
2004,2004-07-19,218W,3,17
2004,2004-07-19,220E,3,11
2004,2004-07-19,220W,3,1
2004,2004-07-19,230N,3,1
2004,2004-07-19,230S,3,1
2004,2004-07-20,214E,3,9
2004,2004-07-20,214W,3,27
2004,2004-07-20,218E,3,22
2004,2004-07-20,218W,3,5
2004,2004-07-20,220E,3,6
2004,2004-07-20,220W,3,1
2004,2004-07-20,230S,3,1
2004,2004-07-21,214E,3,2
2004,2004-07-21,214W,3,18
2004,2004-07-21,218E,3,12
2004,2004-07-21,218W,3,14
2004,2004-07-21,220E,3,4
2004,2004-07-21,230N,3,2
2004,2004-07-21,230S,3,1
2004,2004-07-22,214E,3,8
2004,2004-07-22,214W,3,1
2004,2004-07-22,218E,3,44
2004,2004-07-22,218W,3,28
2004,2004-07-22,220E,3,1
2004,2004-07-22,230N,3,7
2004,2004-07-23,214E,3,2
2004,2004-07-23,230N,3,1
2004,2004-07-24,218E,3,5
2004,2004-07-24,218W,3,7
2004,2004-07-24,220E,3,3
2004,2004-07-25,214E,3,7
2004,2004-07-25,214W,3,2
2004,2004-07-25,218E,3,8
2004,2004-07-25,218W,3,1
2004,2004-07-25,220E,3,9
2004,2004-07-25,230N,3,1
2004,2004-07-25,230S,3,2
2004,2004-07-26,214E,3,18
2004,2004-07-26,220E,3,3
2004,2004-07-26,230N,3,8
2004,2004-07-26,230S,3,4
2004,2004-07-27,214E,3,6
2004,2004-07-27,214W,3,3
2004,2004-07-27,218E,3,10
2004,2004-07-27,218W,3,1
2004,2004-07-27,220E,3,1
2004,2004-07-27,230N,3,2
2004,2004-07-28,214E,3,9
2004,2004-07-28,218E,3,3
2004,2004-07-28,218W,3,2
2004,2004-07-28,220E,3,7
2004,2004-07-28,230N,3,2
2004,2004-07-29,214E,3,4
2004,2004-07-29,218E,3,4
2004,2004-07-29,218W,3,1
2004,2004-07-29,220E,3,3
2004,2004-07-29,230N,3,1
2004,2004-07-30,214E,3,1
2004,2004-07-30,214W,3,1
2004,2004-07-30,218E,3,5
2004,2004-07-30,220E,3,1
2004,2004-07-31,220E,3,1
2004,2004-08-02,220E,3,2
2004,2004-08-02,220W,3,2
2004,2004-08-03,214E,3,3
2004,2004-08-03,214W,3,12
2004,2004-08-03,218E,3,12
2004,2004-08-03,230S,3,1
2004,2004-08-04,218E,3,14
2004,2004-08-04,218W,3,5
2004,2004-08-05,218E,3,7
2004,2004-08-05,218W,3,4
2004,2004-08-06,214W,3,11
2004,2004-08-06,218E,3,27
2004,2004-08-06,218W,3,5
2004,2004-08-06,220E,3,7
2004,2004-08-06,230N,3,4
2004,2004-08-07,214E,3,1
2004,2004-08-07,214W,3,3
2004,2004-08-07,218E,3,10
2004,2004-08-07,220E,3,1
2004,2004-08-07,230N,3,1
2004,2004-08-07,230S,3,4
2004,2004-08-08,214E,3,3
2004,2004-08-08,214W,3,3
2004,2004-08-08,218E,3,2
2004,2004-08-08,218W,3,6
2004,2004-08-08,220E,3,2
2004,2004-08-08,230N,3,2
2004,2004-08-08,230S,3,6
2004,2004-08-09,214E,3,7
2004,2004-08-09,214W,3,3
2004,2004-08-09,230N,3,1
2004,2004-08-09,230S,3,2
2004,2004-08-10,214E,3,2
2004,2004-08-10,214W,3,5
2004,2004-08-10,220E,3,1
2004,2004-08-11,214E,3,3
2004,2004-08-11,214W,3,6
2004,2004-08-11,218W,3,1
2004,2004-08-11,220E,3,1
2004,2004-08-11,230S,3,1
2004,2004-08-12,214W,3,1
2004,2004-08-12,218E,3,2
2004,2004-08-12,218W,3,2
2004,2004-08-12,220E,3,5
2004,2004-08-12,230N,3,1
2004,2004-08-12,230S,3,6
2004,2004-08-13,214E,3,4
2004,2004-08-13,214W,3,2
2004,2004-08-13,218E,3,2
2004,2004-08-13,218W,3,2
2004,2004-08-13,220E,3,3
2004,2004-08-13,230N,3,2
2004,2004-08-13,230S,3,1
2004,2004-08-14,214E,3,2
2004,2004-08-14,218E,3,1
2004,2004-08-14,230N,3,1
2004,2004-08-14,230S,3,4
2004,2004-08-15,214W,3,3
2004,2004-08-15,218E,3,3
2004,2004-08-15,230N,3,1
2004,2004-08-16,218E,3,3
2004,2004-08-16,230N,3,1
2004,2004-08-17,214W,3,1
2004,2004-08-17,218E,3,3
2004,2004-08-18,214W,3,1
2004,2004-08-18,218E,3,1
2004,2004-08-18,218W,3,2
2004,2004-08-18,220E,3,2
2004,2004-08-19,214W,3,1
2004,2004-08-19,218E,3,2
2004,2004-08-19,218W,3,1
2004,2004-08-19,230N,3,2
2004,2004-08-19,230S,3,1
2004,2004-08-20,214W,3,2
2004,2004-08-20,218E,3,2
2004,2004-08-21,218W,3,1
2004,2004-08-22,214W,3,1
2004,2004-08-22,218W,3,1
2004,2004-08-22,220E,3,4
2004,2004-08-23,230N,3,2
2004,2004-08-24,218E,3,1
2004,2004-08-25,218E,3,1
2004,2004-08-26,218E,3,6
2004,2004-08-27,214E,3,1
2004,2004-08-27,214W,3,1
2004,2004-08-27,218E,3,6
2004,2004-08-27,218W,3,1
2004,2004-08-27,220E,3,2
2004,2004-08-27,220W,3,2
2004,2004-08-28,214W,3,1
2004,2004-08-28,218E,3,3
2004,2004-08-28,218W,3,3
2004,2004-08-28,220W,3,1
2004,2004-08-28,230N,3,1
2004,2004-08-29,214E,3,1
2004,2004-08-29,214W,3,3
2004,2004-08-29,218E,3,1
2004,2004-08-29,218W,3,1
2004,2004-08-29,230N,3,1
2004,2004-08-29,230S,3,2
2004,2004-08-30,214E,3,1
2004,2004-08-30,214W,3,6
2004,2004-08-30,230S,3,1
2005,2005-07-03,230N,3,3
2005,2005-07-03,230S,3,72
2005,2005-07-04,230N,3,22
2005,2005-07-04,230S,3,2
2005,2005-07-05,230S,3,1
2005,2005-07-06,230N,3,2
2005,2005-07-06,230S,3,12
2005,2005-07-07,230S,3,7
2005,2005-07-08,230S,3,4
2005,2005-07-09,230N,3,1
2005,2005-07-09,230S,3,2
2005,2005-07-12,230N,3,2
2005,2005-07-12,230S,3,2
2005,2005-07-13,230S,3,2
2005,2005-07-14,214E,3,3
2005,2005-07-14,214W,3,14
2005,2005-07-14,218E,3,12
2005,2005-07-14,218W,3,8
2005,2005-07-14,220E,3,14
2005,2005-07-15,214E,3,1
2005,2005-07-15,214W,3,12
2005,2005-07-15,218E,3,17
2005,2005-07-15,218W,3,3
2005,2005-07-15,220E,3,16
2005,2005-07-15,220W,3,3
2005,2005-07-16,214E,3,6
2005,2005-07-16,214W,3,8
2005,2005-07-16,218E,3,13
2005,2005-07-16,218W,3,1
2005,2005-07-16,220E,3,8
2005,2005-07-16,220W,3,4
2005,2005-07-16,230N,3,2
2005,2005-07-16,230S,3,1
2005,2005-07-17,214E,3,1
2005,2005-07-17,214W,3,12
2005,2005-07-17,218E,3,6
2005,2005-07-17,218W,3,3
2005,2005-07-17,220E,3,9
2005,2005-07-17,220W,3,2
2005,2005-07-18,214E,3,8
2005,2005-07-18,218E,3,6
2005,2005-07-18,218W,3,2
2005,2005-07-18,220E,3,16
2005,2005-07-18,230N,3,1
2005,2005-07-19,214E,3,2
2005,2005-07-19,214W,3,6
2005,2005-07-19,218E,3,5
2005,2005-07-19,220E,3,14
2005,2005-07-19,220W,3,2
2005,2005-07-19,230N,3,2
2005,2005-07-20,214W,3,2
2005,2005-07-20,218W,3,2
2005,2005-07-20,220E,3,9
2005,2005-07-20,220W,3,1
2005,2005-07-20,230S,3,1
2005,2005-07-21,214W,3,2
2005,2005-07-21,218E,3,1
2005,2005-07-21,218W,3,2
2005,2005-07-21,220E,3,2
2005,2005-07-21,220W,3,1
2005,2005-07-21,230N,3,1
2005,2005-07-21,230S,3,3
2005,2005-07-22,214W,3,3
2005,2005-07-22,218W,3,1
2005,2005-07-22,230S,3,2
2005,2005-07-23,214W,3,1
2005,2005-07-23,218W,3,1
2005,2005-07-23,220E,3,1
2005,2005-07-23,220W,3,1
2005,2005-07-23,230S,3,3
2005,2005-07-24,214E,3,1
2005,2005-07-24,214W,3,2
2005,2005-07-24,218E,3,3
2005,2005-07-24,218W,3,1
2005,2005-07-24,220W,3,1
2005,2005-07-24,230S,3,3
2005,2005-07-25,220E,3,1
2005,2005-07-25,230N,3,1
2005,2005-07-25,230S,3,1
2005,2005-07-26,218E,3,6
2005,2005-07-26,218W,3,2
2005,2005-07-26,220E,3,4
2005,2005-07-26,220W,3,1
2005,2005-07-26,230N,3,2
2005,2005-07-27,218E,3,5
2005,2005-07-27,218W,3,1
2005,2005-07-27,220E,3,5
2005,2005-07-27,220W,3,1
2005,2005-07-27,230S,3,1
2005,2005-07-28,218E,3,3
2005,2005-07-28,218W,3,1
2005,2005-07-28,220E,3,13
2005,2005-07-29,218E,3,1
2005,2005-07-29,220E,3,9
2005,2005-07-29,220W,3,1
2005,2005-07-30,214E,3,2
2005,2005-07-30,214W,3,1
2005,2005-07-30,218W,3,4
2005,2005-07-30,220E,3,1
2005,2005-07-31,214E,3,2
2005,2005-07-31,218E,3,4
2005,2005-07-31,220E,3,4
2005,2005-07-31,220W,3,2
2005,2005-07-31,230S,3,1
2005,2005-08-01,214W,3,2
2005,2005-08-01,218E,3,2
2005,2005-08-01,220E,3,1
2005,2005-08-01,220W,3,1
2005,2005-08-02,214E,3,3
2005,2005-08-02,214W,3,1
2005,2005-08-02,218W,3,1
2005,2005-08-03,214E,3,1
2005,2005-08-03,218W,3,2
2005,2005-08-04,218E,3,7
2005,2005-08-04,220E,3,1
2005,2005-08-04,230N,3,2
2005,2005-08-05,214W,3,1
2005,2005-08-05,218W,3,1
2005,2005-08-05,220E,3,1
2005,2005-08-05,220W,3,1
2005,2005-08-06,214W,3,1
2005,2005-08-06,218E,3,6
2005,2005-08-06,218W,3,1
2005,2005-08-06,230N,3,1
2005,2005-08-07,218E,3,1
2005,2005-08-07,220E,3,1
2005,2005-08-08,218W,3,2
2005,2005-08-08,220E,3,1
2005,2005-08-08,220W,3,3
2005,2005-08-09,220E,3,2
2005,2005-08-09,230S,3,2
2005,2005-08-10,218E,3,2
2005,2005-08-10,220E,3,1
2005,2005-08-10,230N,3,1
2005,2005-08-10,230S,3,6
2005,2005-08-11,218E,3,4
2005,2005-08-11,220E,3,1
2005,2005-08-11,220W,3,1
2005,2005-08-12,218E,3,10
2005,2005-08-12,218W,3,2
2005,2005-08-12,220E,3,1
2005,2005-08-12,230S,3,3
2005,2005-08-13,220E,3,6
2005,2005-08-13,220W,3,3
2005,2005-08-13,230S,3,1
2005,2005-08-14,214E,3,1
2005,2005-08-14,214W,3,2
2005,2005-08-14,218E,3,3
2005,2005-08-14,218W,3,2
2005,2005-08-14,220W,3,1
2005,2005-08-15,214E,3,5
2005,2005-08-15,214W,3,8
2005,2005-08-15,220E,3,1
2005,2005-08-15,220W,3,2
2005,2005-08-15,230N,3,2
2005,2005-08-16,214E,3,5
2005,2005-08-16,214W,3,13
2005,2005-08-16,220E,3,1
2005,2005-08-16,230S,3,4
2005,2005-08-17,214E,3,4
2005,2005-08-17,220E,3,1
2005,2005-08-17,220W,3,1
2005,2005-08-18,214E,3,1
2005,2005-08-18,214W,3,1
2005,2005-08-18,218E,3,1
2005,2005-08-18,230S,3,1
2005,2005-08-19,214W,3,4
2005,2005-08-19,220E,3,2
2005,2005-08-19,230S,3,1
2005,2005-08-20,218W,3,1
2005,2005-08-20,220E,3,1
2005,2005-08-21,218W,3,2
2005,2005-08-22,218W,3,1
2005,2005-08-23,214E,3,1
2005,2005-08-23,214W,3,2
2005,2005-08-23,218E,3,1
2005,2005-08-24,218E,3,2
2005,2005-08-24,218W,3,2
2005,2005-08-24,220E,3,5
2005,2005-08-24,220W,3,1
2005,2005-08-25,214E,3,1
2005,2005-08-25,214W,3,5
2005,2005-08-25,218W,3,2
2005,2005-08-25,220E,3,1
2005,2005-08-25,230S,3,2
2005,2005-08-26,214W,3,1
2005,2005-08-26,230S,3,1
2005,2005-08-27,214E,3,3
2005,2005-08-27,214W,3,4
2005,2005-08-27,218W,3,2
2005,2005-08-27,220E,3,1
2005,2005-08-27,230N,3,2
2005,2005-08-28,214E,3,1
2005,2005-08-28,218E,3,1
2005,2005-08-29,214E,3,2
2005,2005-08-29,214W,3,3
2006,2006-07-01,230S,3,12
2006,2006-07-04,214E,3,18
2006,2006-07-04,214W,3,46
2006,2006-07-04,230N,3,1
2006,2006-07-04,230S,3,5
2006,2006-07-05,214E,3,2
2006,2006-07-05,214W,3,25
2006,2006-07-05,218W,3,1
2006,2006-07-05,230S,3,9
2006,2006-07-06,214E,3,2
2006,2006-07-06,214W,3,13
2006,2006-07-06,218W,3,3
2006,2006-07-06,230N,3,2
2006,2006-07-07,218E,3,3
2006,2006-07-07,218W,3,1
2006,2006-07-07,230S,3,5
2006,2006-07-08,214E,3,7
2006,2006-07-08,214W,3,19
2006,2006-07-08,218E,3,9
2006,2006-07-08,218W,3,2
2006,2006-07-08,220E,3,1
2006,2006-07-08,220W,3,1
2006,2006-07-08,230S,3,1
2006,2006-07-09,218W,3,6
2006,2006-07-09,220E,3,3
2006,2006-07-09,220W,3,3
2006,2006-07-09,230N,3,1
2006,2006-07-10,214E,3,5
2006,2006-07-10,218W,3,3
2006,2006-07-10,220E,3,11
2006,2006-07-10,220W,3,5
2006,2006-07-10,230S,3,1
2006,2006-07-11,218W,3,1
2006,2006-07-11,220E,3,7
2006,2006-07-11,220W,3,1
2006,2006-07-11,230N,3,2
2006,2006-07-11,230S,3,2
2006,2006-07-12,214E,3,32
2006,2006-07-12,218E,3,1
2006,2006-07-12,218W,3,1
2006,2006-07-12,220W,3,18
2006,2006-07-12,230S,3,5
2006,2006-07-13,214E,3,7
2006,2006-07-13,214W,3,3
2006,2006-07-13,218E,3,1
2006,2006-07-13,218W,3,2
2006,2006-07-13,220E,3,15
2006,2006-07-14,214E,3,3
2006,2006-07-14,214W,3,2
2006,2006-07-14,218E,3,9
2006,2006-07-14,218W,3,1
2006,2006-07-14,220W,3,1
2006,2006-07-14,230N,3,2
2006,2006-07-14,230S,3,2
2006,2006-07-15,214E,3,1
2006,2006-07-15,214W,3,3
2006,2006-07-15,218W,3,3
2006,2006-07-15,220E,3,3
2006,2006-07-15,220W,3,3
2006,2006-07-15,230N,3,2
2006,2006-07-15,230S,3,1
2006,2006-07-16,218E,3,4
2006,2006-07-16,218W,3,5
2006,2006-07-16,230S,3,1
2006,2006-07-17,214E,3,15
2006,2006-07-17,214W,3,2
2006,2006-07-17,218E,3,3
2006,2006-07-17,218W,3,2
2006,2006-07-17,220E,3,5
2006,2006-07-17,220W,3,3
2006,2006-07-17,230N,3,7
2006,2006-07-17,230S,3,8
2006,2006-07-18,214E,3,4
2006,2006-07-18,214W,3,5
2006,2006-07-18,218E,3,6
2006,2006-07-18,218W,3,4
2006,2006-07-18,220E,3,2
2006,2006-07-18,220W,3,3
2006,2006-07-18,230N,3,4
2006,2006-07-18,230S,3,2
2006,2006-07-19,230N,3,1
2006,2006-07-19,230S,3,2
2006,2006-07-20,214E,3,2
2006,2006-07-20,218E,3,5
2006,2006-07-20,218W,3,2
2006,2006-07-20,230N,3,3
2006,2006-07-20,230S,3,19
2006,2006-07-21,214E,3,1
2006,2006-07-21,214W,3,2
2006,2006-07-21,218E,3,4
2006,2006-07-21,218W,3,1
2006,2006-07-21,220E,3,3
2006,2006-07-21,220W,3,4
2006,2006-07-22,214E,3,2
2006,2006-07-22,214W,3,3
2006,2006-07-22,218E,3,4
2006,2006-07-22,218W,3,1
2006,2006-07-22,220E,3,1
2006,2006-07-22,220W,3,3
2006,2006-07-22,230N,3,4
2006,2006-07-22,230S,3,6
2006,2006-07-23,218E,3,4
2006,2006-07-23,218W,3,1
2006,2006-07-23,220E,3,2
2006,2006-07-23,220W,3,2
2006,2006-07-23,230N,3,2
2006,2006-07-23,230S,3,2
2006,2006-07-24,214W,3,1
2006,2006-07-24,218E,3,1
2006,2006-07-24,218W,3,1
2006,2006-07-24,220E,3,3
2006,2006-07-24,220W,3,2
2006,2006-07-25,214E,3,2
2006,2006-07-25,218E,3,2
2006,2006-07-25,220E,3,2
2006,2006-07-25,230N,3,1
2006,2006-07-25,230S,3,1
2006,2006-07-26,214E,3,4
2006,2006-07-26,214W,3,10
2006,2006-07-26,218E,3,4
2006,2006-07-26,218W,3,2
2006,2006-07-26,220E,3,1
2006,2006-07-26,230S,3,4
2006,2006-07-27,214W,3,1
2006,2006-07-27,218E,3,5
2006,2006-07-27,218W,3,2
2006,2006-07-27,220E,3,3
2006,2006-07-27,220W,3,3
2006,2006-07-27,230S,3,2
2006,2006-07-28,214E,3,3
2006,2006-07-28,214W,3,1
2006,2006-07-28,218E,3,8
2006,2006-07-28,218W,3,18
2006,2006-07-28,220E,3,6
2006,2006-07-28,220W,3,4
2006,2006-07-28,230S,3,1
2006,2006-07-31,214E,3,1
2006,2006-07-31,218E,3,1
2006,2006-07-31,220E,3,4
2006,2006-08-01,214E,3,1
2006,2006-08-01,214W,3,3
2006,2006-08-01,218E,3,1
2006,2006-08-01,230S,3,1
2006,2006-08-02,214E,3,1
2006,2006-08-02,214W,3,8
2006,2006-08-02,218E,3,2
2006,2006-08-02,218W,3,3
2006,2006-08-02,220W,3,4
2006,2006-08-02,230N,3,4
2006,2006-08-02,230S,3,2
2006,2006-08-03,218E,3,1
2006,2006-08-03,218W,3,1
2006,2006-08-03,230S,3,2
2006,2006-08-04,220E,3,2
2006,2006-08-05,214E,3,1
2006,2006-08-05,220E,3,1
2006,2006-08-05,230S,3,1
2006,2006-08-06,214W,3,2
2006,2006-08-06,218E,3,2
2006,2006-08-06,220E,3,3
2006,2006-08-07,218W,3,3
2006,2006-08-07,220E,3,3
2006,2006-08-07,230S,3,1
2006,2006-08-08,214W,3,2
2006,2006-08-08,220E,3,7
2006,2006-08-08,230N,3,1
2006,2006-08-08,230S,3,3
2006,2006-08-09,218E,3,2
2006,2006-08-10,214W,3,1
2006,2006-08-10,220E,3,2
2006,2006-08-10,220W,3,1
2006,2006-08-11,214E,3,2
2006,2006-08-11,218W,3,1
2006,2006-08-12,218E,3,2
2006,2006-08-12,218W,3,1
2006,2006-08-12,220W,3,2
2006,2006-08-12,230N,3,1
2006,2006-08-13,230S,3,2
2006,2006-08-14,218E,3,1
2006,2006-08-14,220E,3,4
2006,2006-08-14,230N,3,1
2006,2006-08-15,218E,3,5
2006,2006-08-15,220E,3,4
2006,2006-08-15,220W,3,2
2006,2006-08-15,230N,3,1
2006,2006-08-16,220E,3,1
2006,2006-08-16,230N,3,1
2006,2006-08-16,230S,3,2
2006,2006-08-17,218E,3,2
2006,2006-08-17,220E,3,6
2006,2006-08-17,230N,3,2
2006,2006-08-17,230S,3,1
2006,2006-08-18,214E,3,2
2006,2006-08-18,214W,3,1
2006,2006-08-18,218E,3,3
2006,2006-08-18,220W,3,1
2006,2006-08-18,230S,3,1
2006,2006-08-19,214E,3,1
2006,2006-08-19,214W,3,3
2006,2006-08-19,218E,3,3
2006,2006-08-19,220E,3,4
2006,2006-08-19,230S,3,1
2006,2006-08-20,214W,3,1
2006,2006-08-20,218E,3,10
2006,2006-08-20,218W,3,1
2006,2006-08-20,220E,3,2
2006,2006-08-20,230S,3,1
2006,2006-08-21,214E,3,1
2006,2006-08-21,214W,3,2
2006,2006-08-21,220E,3,3
2006,2006-08-21,230S,3,1
2006,2006-08-22,214E,3,2
2006,2006-08-22,214W,3,10
2006,2006-08-22,218E,3,1
2006,2006-08-22,230S,3,2
2006,2006-08-23,214E,3,2
2006,2006-08-23,214W,3,2
2006,2006-08-23,218E,3,2
2006,2006-08-23,218W,3,1
2006,2006-08-23,220E,3,2
2006,2006-08-23,220W,3,2
2006,2006-08-23,230N,3,4
2006,2006-08-23,230S,3,2
2006,2006-08-24,214E,3,1
2006,2006-08-24,214W,3,2
2006,2006-08-24,218E,3,3
2006,2006-08-24,218W,3,1
2006,2006-08-24,220E,3,1
2006,2006-08-24,220W,3,3
2006,2006-08-24,230N,3,2
2006,2006-08-25,214W,3,3
2006,2006-08-25,218E,3,3
2006,2006-08-25,218W,3,1
2006,2006-08-25,220E,3,4
2006,2006-08-26,214E,3,1
2006,2006-08-26,218E,3,1
2006,2006-08-26,218W,3,2
2006,2006-08-26,220E,3,6
2006,2006-08-26,220W,3,1
2006,2006-08-27,218E,3,1
2006,2006-08-27,220E,3,8
2006,2006-08-27,220W,3,1
2006,2006-08-28,218E,3,2
2007,2007-06-29,230N,3,1
2007,2007-06-30,214E,3,2
2007,2007-06-30,214W,3,6
2007,2007-06-30,230S,3,1
2007,2007-07-01,214E,3,2
2007,2007-07-01,214W,3,9
2007,2007-07-02,214E,3,1
2007,2007-07-02,214W,3,1
2007,2007-07-03,214E,3,4
2007,2007-07-03,214W,3,5
2007,2007-07-04,214E,3,11
2007,2007-07-04,214W,3,2
2007,2007-07-05,214E,3,10
2007,2007-07-05,214W,3,4
2007,2007-07-05,218W,3,10
2007,2007-07-06,214W,3,5
2007,2007-07-06,218E,3,2
2007,2007-07-06,218W,3,4
2007,2007-07-06,220W,3,1
2007,2007-07-06,230N,3,2
2007,2007-07-06,230S,3,6
2007,2007-07-07,214E,3,2
2007,2007-07-07,218E,3,9
2007,2007-07-07,218W,3,1
2007,2007-07-07,220E,3,3
2007,2007-07-07,220W,3,3
2007,2007-07-07,230S,3,3
2007,2007-07-08,214E,3,1
2007,2007-07-08,214W,3,1
2007,2007-07-08,218E,3,7
2007,2007-07-08,220E,3,7
2007,2007-07-08,220W,3,3
2007,2007-07-08,230S,3,3
2007,2007-07-09,214E,3,1
2007,2007-07-09,214W,3,5
2007,2007-07-09,218W,3,9
2007,2007-07-09,220E,3,3
2007,2007-07-09,220W,3,8
2007,2007-07-09,230N,3,1
2007,2007-07-09,230S,3,1
2007,2007-07-10,214E,3,5
2007,2007-07-10,214W,3,9
2007,2007-07-10,218E,3,7
2007,2007-07-10,218W,3,4
2007,2007-07-10,220E,3,8
2007,2007-07-10,220W,3,9
2007,2007-07-10,230S,3,1
2007,2007-07-11,214E,3,2
2007,2007-07-11,214W,3,12
2007,2007-07-11,218E,3,4
2007,2007-07-11,218W,3,1
2007,2007-07-11,220E,3,3
2007,2007-07-11,220W,3,3
2007,2007-07-11,230S,3,1
2007,2007-07-12,214E,3,8
2007,2007-07-12,214W,3,5
2007,2007-07-12,218E,3,1
2007,2007-07-12,220E,3,2
2007,2007-07-12,220W,3,5
2007,2007-07-12,230N,3,1
2007,2007-07-12,230S,3,7
2007,2007-07-13,214E,3,1
2007,2007-07-13,214W,3,6
2007,2007-07-13,218E,3,4
2007,2007-07-13,220E,3,2
2007,2007-07-13,220W,3,4
2007,2007-07-13,230N,3,2
2007,2007-07-13,230S,3,4
2007,2007-07-14,214E,3,4
2007,2007-07-14,214W,3,4
2007,2007-07-14,218E,3,1
2007,2007-07-14,218W,3,2
2007,2007-07-14,220E,3,5
2007,2007-07-14,220W,3,6
2007,2007-07-14,230N,3,2
2007,2007-07-15,214E,3,5
2007,2007-07-15,214W,3,19
2007,2007-07-15,218E,3,11
2007,2007-07-15,220E,3,18
2007,2007-07-15,220W,3,18
2007,2007-07-15,230S,3,3
2007,2007-07-16,214E,3,4
2007,2007-07-16,214W,3,4
2007,2007-07-16,218E,3,6
2007,2007-07-16,218W,3,3
2007,2007-07-16,220E,3,3
2007,2007-07-16,220W,3,6
2007,2007-07-16,230S,3,2
2007,2007-07-17,214E,3,3
2007,2007-07-17,214W,3,3
2007,2007-07-17,218E,3,13
2007,2007-07-17,218W,3,7
2007,2007-07-17,220E,3,3
2007,2007-07-17,220W,3,1
2007,2007-07-17,230N,3,2
2007,2007-07-17,230S,3,5
2007,2007-07-18,214E,3,4
2007,2007-07-18,214W,3,5
2007,2007-07-18,218E,3,11
2007,2007-07-18,218W,3,2
2007,2007-07-18,220E,3,5
2007,2007-07-18,220W,3,3
2007,2007-07-18,230S,3,2
2007,2007-07-19,214E,3,1
2007,2007-07-19,214W,3,9
2007,2007-07-19,218E,3,14
2007,2007-07-19,218W,3,1
2007,2007-07-19,220E,3,10
2007,2007-07-19,220W,3,17
2007,2007-07-19,230N,3,1
2007,2007-07-20,214E,3,5
2007,2007-07-20,214W,3,5
2007,2007-07-20,218E,3,2
2007,2007-07-20,218W,3,8
2007,2007-07-20,220E,3,7
2007,2007-07-20,220W,3,4
2007,2007-07-20,230S,3,2
2007,2007-07-21,218W,3,3
2007,2007-07-22,214E,3,1
2007,2007-07-22,218E,3,1
2007,2007-07-22,220E,3,1
2007,2007-07-22,230S,3,2
2007,2007-07-23,220E,3,1
2007,2007-07-24,214E,3,1
2007,2007-07-24,220E,3,1
2007,2007-07-24,220W,3,1
2007,2007-07-24,230S,3,1
2007,2007-07-25,220E,3,1
2007,2007-07-26,214E,3,4
2007,2007-07-26,214W,3,1
2007,2007-07-26,220E,3,1
2007,2007-07-27,214E,3,1
2007,2007-07-27,214W,3,2
2007,2007-07-27,218E,3,3
2007,2007-07-27,218W,3,4
2007,2007-07-28,214W,3,1
2007,2007-07-28,218E,3,3
2007,2007-07-28,218W,3,2
2007,2007-07-28,230S,3,1
2007,2007-07-29,214E,3,1
2007,2007-07-29,218W,3,1
2007,2007-07-30,214W,3,4
2007,2007-07-30,220E,3,1
2007,2007-07-31,214E,3,3
2007,2007-07-31,214W,3,2
2007,2007-08-01,214W,3,1
2007,2007-08-01,218E,3,1
2007,2007-08-01,218W,3,2
2007,2007-08-02,214E,3,3
2007,2007-08-02,220E,3,1
2007,2007-08-04,214W,3,2
2007,2007-08-04,220E,3,1
2007,2007-08-05,214W,3,1
2007,2007-08-05,220E,3,1
2007,2007-08-05,220W,3,1
2007,2007-08-06,214W,3,2
2007,2007-08-06,230S,3,1
2007,2007-08-07,220E,3,1
2007,2007-08-07,230N,3,1
2007,2007-08-09,218E,3,1
2007,2007-08-10,214W,3,1
2007,2007-08-10,218W,3,1
2007,2007-08-11,214W,3,1
2007,2007-08-11,218E,3,2
2007,2007-08-11,220E,3,1
2007,2007-08-13,218E,3,1
2007,2007-08-13,218W,3,2
2007,2007-08-13,230S,3,3
2007,2007-08-14,230N,3,1
2007,2007-08-16,230N,3,2
2007,2007-08-17,218E,3,2
2007,2007-08-17,220E,3,2
2007,2007-08-19,214W,3,1
2007,2007-08-20,214E,3,1
2007,2007-08-20,214W,3,1
2007,2007-08-20,218E,3,1
2007,2007-08-21,218W,3,1
2007,2007-08-22,218E,3,4
2007,2007-08-22,218W,3,1
2007,2007-08-22,220E,3,2
2007,2007-08-22,220W,3,1
2007,2007-08-23,214W,3,1
2007,2007-08-23,220W,3,1
2007,2007-08-23,230N,3,2
2007,2007-08-23,230S,3,5
2007,2007-08-24,218E,3,1
2007,2007-08-24,218W,3,1
2007,2007-08-24,220E,3,1
2007,2007-08-24,220W,3,1
2007,2007-08-24,230N,3,1
2007,2007-08-24,230S,3,1
2007,2007-08-25,214E,3,2
2007,2007-08-25,214W,3,2
2007,2007-08-25,218E,3,2
2007,2007-08-25,220E,3,1
2007,2007-08-25,220W,3,1
2007,2007-08-26,214E,3,4
2007,2007-08-26,214W,3,4
2007,2007-08-26,218E,3,3
2007,2007-08-26,220E,3,1
2007,2007-08-27,214W,3,8
2007,2007-08-27,218E,3,2
2007,2007-08-28,214E,3,2
2007,2007-08-28,214W,3,6
2007,2007-08-28,220E,3,2
2007,2007-08-28,230N,3,1
2007,2007-08-28,230S,3,1
2007,2007-08-29,214E,3,2
2007,2007-08-29,214W,3,2
2007,2007-08-29,230N,3,1
2007,2007-08-29,230S,3,1
2008,2008-07-01,214E,3,4
2008,2008-07-01,214W,3,16
2008,2008-07-01,230S,3,21
2008,2008-07-02,214E,3,4
2008,2008-07-02,214W,3,43
2008,2008-07-02,218E,3,2
2008,2008-07-02,218W,3,8
2008,2008-07-02,230N,3,40
2008,2008-07-02,230S,3,1
2008,2008-07-03,214W,3,14
2008,2008-07-03,218E,3,1
2008,2008-07-03,218W,3,6
2008,2008-07-03,230N,3,3
2008,2008-07-03,230S,3,2
2008,2008-07-04,214E,3,9
2008,2008-07-04,214W,3,2
2008,2008-07-04,218W,3,1
2008,2008-07-04,230S,3,3
2008,2008-07-05,214E,3,3
2008,2008-07-05,214W,3,30
2008,2008-07-05,218E,3,5
2008,2008-07-05,218W,3,2
2008,2008-07-05,230N,3,1
2008,2008-07-05,230S,3,1
2008,2008-07-06,214E,3,4
2008,2008-07-06,214W,3,6
2008,2008-07-06,218E,3,8
2008,2008-07-06,218W,3,11
2008,2008-07-06,230N,3,2
2008,2008-07-06,230S,3,2
2008,2008-07-07,214E,3,2
2008,2008-07-07,214W,3,43
2008,2008-07-07,220E,3,6
2008,2008-07-07,220W,3,3
2008,2008-07-08,214E,3,2
2008,2008-07-08,214W,3,5
2008,2008-07-08,220E,3,6
2008,2008-07-08,220W,3,6
2008,2008-07-09,214E,3,13
2008,2008-07-09,214W,3,13
2008,2008-07-09,220E,3,5
2008,2008-07-09,220W,3,5
2008,2008-07-09,230N,3,10
2008,2008-07-09,230S,3,10
2008,2008-07-10,214E,3,14
2008,2008-07-10,214W,3,19
2008,2008-07-10,218E,3,2
2008,2008-07-10,218W,3,4
2008,2008-07-10,220W,3,33
2008,2008-07-10,230S,3,5
2008,2008-07-11,218E,3,7
2008,2008-07-11,218W,3,2
2008,2008-07-11,220E,3,10
2008,2008-07-11,220W,3,2
2008,2008-07-11,230N,3,2
2008,2008-07-11,230S,3,9
2008,2008-07-12,214E,3,8
2008,2008-07-12,214W,3,5
2008,2008-07-12,220E,3,2
2008,2008-07-12,230S,3,2
2008,2008-07-13,214E,3,2
2008,2008-07-13,214W,3,1
2008,2008-07-13,220E,3,8
2008,2008-07-13,220W,3,5
2008,2008-07-14,214E,3,9
2008,2008-07-14,214W,3,68
2008,2008-07-14,220E,3,1
2008,2008-07-14,220W,3,5
2008,2008-07-14,230N,3,1
2008,2008-07-15,214E,3,1
2008,2008-07-15,214W,3,28
2008,2008-07-15,220E,3,6
2008,2008-07-15,220W,3,9
2008,2008-07-15,230N,3,3
2008,2008-07-15,230S,3,21
2008,2008-07-16,214E,3,6
2008,2008-07-16,214W,3,4
2008,2008-07-16,220E,3,1
2008,2008-07-16,220W,3,1
2008,2008-07-16,230N,3,1
2008,2008-07-16,230S,3,3
2008,2008-07-17,214E,3,7
2008,2008-07-17,214W,3,1
2008,2008-07-17,218E,3,4
2008,2008-07-17,218W,3,5
2008,2008-07-17,220E,3,3
2008,2008-07-18,214E,3,1
2008,2008-07-18,214W,3,8
2008,2008-07-18,220E,3,5
2008,2008-07-18,220W,3,2
2008,2008-07-18,230S,3,7
2008,2008-07-19,214E,3,2
2008,2008-07-19,214W,3,9
2008,2008-07-19,218E,3,2
2008,2008-07-19,220E,3,1
2008,2008-07-19,220W,3,1
2008,2008-07-20,214W,3,6
2008,2008-07-20,218E,3,2
2008,2008-07-20,218W,3,1
2008,2008-07-20,220E,3,5
2008,2008-07-20,220W,3,1
2008,2008-07-20,230S,3,1
2008,2008-07-21,214E,3,3
2008,2008-07-21,214W,3,9
2008,2008-07-21,218E,3,2
2008,2008-07-21,220E,3,2
2008,2008-07-21,230N,3,1
2008,2008-07-21,230S,3,4
2008,2008-07-22,214E,3,1
2008,2008-07-22,214W,3,1
2008,2008-07-22,218E,3,2
2008,2008-07-22,218W,3,2
2008,2008-07-22,220E,3,1
2008,2008-07-22,230N,3,1
2008,2008-07-22,230S,3,5
2008,2008-07-23,214E,3,3
2008,2008-07-23,214W,3,21
2008,2008-07-23,218E,3,1
2008,2008-07-23,220E,3,1
2008,2008-07-23,230N,3,3
2008,2008-07-23,230S,3,9
2008,2008-07-24,214W,3,12
2008,2008-07-24,218E,3,3
2008,2008-07-24,220W,3,1
2008,2008-07-25,214E,3,1
2008,2008-07-25,214W,3,2
2008,2008-07-25,218E,3,4
2008,2008-07-25,220E,3,2
2008,2008-07-25,220W,3,1
2008,2008-07-26,218E,3,1
2008,2008-07-26,218W,3,3
2008,2008-07-27,214W,3,8
2008,2008-07-27,218E,3,2
2008,2008-07-27,218W,3,1
2008,2008-07-27,220E,3,1
2008,2008-07-28,214W,3,1
2008,2008-07-28,218W,3,4
2008,2008-07-28,230S,3,2
2008,2008-07-29,218E,3,3
2008,2008-07-29,218W,3,4
2008,2008-07-29,230S,3,2
2008,2008-07-30,230S,3,3
2008,2008-08-03,220E,3,1
2008,2008-08-05,218W,3,3
2008,2008-08-05,220E,3,1
2008,2008-08-05,220W,3,1
2008,2008-08-06,218W,3,2
2008,2008-08-06,230N,3,5
2008,2008-08-06,230S,3,16
2008,2008-08-07,214E,3,2
2008,2008-08-07,218E,3,2
2008,2008-08-07,218W,3,2
2008,2008-08-07,230S,3,16
2008,2008-08-08,214E,3,3
2008,2008-08-08,214W,3,5
2008,2008-08-08,218E,3,2
2008,2008-08-08,230S,3,17
2008,2008-08-09,214E,3,2
2008,2008-08-09,214W,3,4
2008,2008-08-09,220E,3,1
2008,2008-08-09,230S,3,1
2008,2008-08-10,214E,3,4
2008,2008-08-10,214W,3,4
2008,2008-08-10,218E,3,1
2008,2008-08-10,218W,3,1
2008,2008-08-10,230S,3,2
2008,2008-08-11,214E,3,2
2008,2008-08-11,214W,3,3
2008,2008-08-11,218E,3,2
2008,2008-08-11,218W,3,2
2008,2008-08-12,214W,3,1
2008,2008-08-12,220E,3,1
2008,2008-08-13,220W,3,1
2008,2008-08-15,220W,3,4
2008,2008-08-16,218E,3,5
2008,2008-08-16,220E,3,6
2008,2008-08-16,220W,3,4
2008,2008-08-17,218E,3,3
2008,2008-08-17,218W,3,2
2008,2008-08-17,220E,3,1
2008,2008-08-17,230N,3,2
2008,2008-08-17,230S,3,2
2008,2008-08-18,214W,3,3
2008,2008-08-18,218E,3,6
2008,2008-08-18,220W,3,1
2008,2008-08-18,230N,3,1
2008,2008-08-19,214E,3,4
2008,2008-08-19,214W,3,6
2008,2008-08-19,218E,3,2
2008,2008-08-19,220E,3,1
2008,2008-08-19,220W,3,1
2008,2008-08-19,230S,3,1
2008,2008-08-20,214W,3,1
2008,2008-08-20,218W,3,2
2008,2008-08-20,220E,3,3
2008,2008-08-20,230S,3,1
2008,2008-08-21,214E,3,3
2008,2008-08-21,214W,3,14
2008,2008-08-21,218E,3,2
2008,2008-08-21,218W,3,1
2008,2008-08-21,220E,3,2
2008,2008-08-21,220W,3,1
2008,2008-08-22,214E,3,11
2008,2008-08-22,214W,3,9
2008,2008-08-22,218E,3,2
2008,2008-08-22,218W,3,2
2008,2008-08-22,220E,3,2
2008,2008-08-22,230N,3,2
2008,2008-08-22,230S,3,5
2008,2008-08-23,214E,3,3
2008,2008-08-23,214W,3,8
2008,2008-08-23,218E,3,2
2008,2008-08-23,218W,3,1
2008,2008-08-23,220E,3,2
2008,2008-08-23,220W,3,3
2008,2008-08-23,230S,3,2
2008,2008-08-24,214E,3,6
2008,2008-08-24,214W,3,6
2008,2008-08-24,218E,3,4
2008,2008-08-24,220E,3,3
2008,2008-08-24,220W,3,2
2008,2008-08-24,230S,3,2
2008,2008-08-25,214E,3,6
2008,2008-08-25,214W,3,9
2008,2008-08-25,218E,3,3
2008,2008-08-25,218W,3,1
2008,2008-08-26,214E,3,3
2008,2008-08-26,214W,3,3
2008,2008-08-26,218E,3,5
2008,2008-08-26,218W,3,4
2008,2008-08-26,220E,3,1
2008,2008-08-26,230N,3,4
2008,2008-08-26,230S,3,1
2008,2008-08-27,214E,3,4
2008,2008-08-27,214W,3,1
2008,2008-08-27,220E,3,2
2008,2008-08-28,214E,3,2
2008,2008-08-28,214W,3,6
2008,2008-08-28,220E,3,2
2008,2008-08-28,230N,3,1
2008,2008-08-28,230S,3,2
2009,2009-07-04,214W,3,2
2009,2009-07-04,230S,3,7
2009,2009-07-05,214W,3,21
2009,2009-07-06,214E,3,5
2009,2009-07-06,214W,3,2
2009,2009-07-06,230S,3,2
2009,2009-07-07,214E,3,2
2009,2009-07-07,214W,3,6
2009,2009-07-07,230S,3,3
2009,2009-07-10,214E,3,14
2009,2009-07-10,214W,3,35
2009,2009-07-10,218E,3,5
2009,2009-07-10,218W,3,6
2009,2009-07-10,230S,3,2
2009,2009-07-11,214W,3,1
2009,2009-07-11,218E,3,5
2009,2009-07-11,230N,3,3
2009,2009-07-11,230S,3,8
2009,2009-07-12,214E,3,4
2009,2009-07-12,214W,3,4
2009,2009-07-12,218E,3,8
2009,2009-07-12,218W,3,6
2009,2009-07-12,230S,3,10
2009,2009-07-13,214E,3,20
2009,2009-07-13,214W,3,35
2009,2009-07-13,218E,3,31
2009,2009-07-13,218W,3,13
2009,2009-07-14,214E,3,2
2009,2009-07-14,214W,3,17
2009,2009-07-14,218E,3,17
2009,2009-07-14,218W,3,9
2009,2009-07-14,220E,3,9
2009,2009-07-14,220W,3,6
2009,2009-07-14,230S,3,2
2009,2009-07-15,220E,3,8
2009,2009-07-15,220W,3,1
2009,2009-07-17,214E,3,3
2009,2009-07-17,214W,3,54
2009,2009-07-17,220E,3,8
2009,2009-07-17,220W,3,1
2009,2009-07-17,230S,3,1
2009,2009-07-18,214E,3,12
2009,2009-07-18,214W,3,3
2009,2009-07-18,218E,3,3
2009,2009-07-18,218W,3,2
2009,2009-07-19,214E,3,1
2009,2009-07-19,214W,3,18
2009,2009-07-19,218E,3,5
2009,2009-07-19,218W,3,1
2009,2009-07-19,220E,3,1
2009,2009-07-19,220W,3,5
2009,2009-07-19,230S,3,1
2009,2009-07-20,214E,3,4
2009,2009-07-20,214W,3,19
2009,2009-07-20,218E,3,2
2009,2009-07-20,218W,3,1
2009,2009-07-20,220E,3,1
2009,2009-07-20,220W,3,1
2009,2009-07-21,214E,3,1
2009,2009-07-21,214W,3,10
2009,2009-07-21,218E,3,1
2009,2009-07-21,218W,3,2
2009,2009-07-22,214E,3,5
2009,2009-07-22,214W,3,9
2009,2009-07-22,220E,3,1
2009,2009-07-22,220W,3,2
2009,2009-07-24,220E,3,2
2009,2009-07-25,220E,3,2
2009,2009-07-26,214E,3,1
2009,2009-07-26,218E,3,1
2009,2009-07-26,218W,3,2
2009,2009-07-27,214W,3,2
2009,2009-07-27,218E,3,4
2009,2009-07-28,218E,3,2
2009,2009-07-28,220E,3,2
2009,2009-07-28,220W,3,1
2009,2009-07-29,214W,3,3
2009,2009-07-29,218W,3,1
2009,2009-07-29,220E,3,2
2009,2009-07-30,214E,3,1
2009,2009-07-30,214W,3,5
2009,2009-07-30,218E,3,2
2009,2009-07-31,214E,3,3
2009,2009-07-31,214W,3,2
2009,2009-07-31,218E,3,1
2009,2009-07-31,230N,3,1
2009,2009-08-01,214E,3,3
2009,2009-08-01,218W,3,1
2009,2009-08-01,220W,3,1
2009,2009-08-01,230N,3,1
2009,2009-08-01,230S,3,1
2009,2009-08-02,214E,3,2
2009,2009-08-02,214W,3,1
2009,2009-08-02,220W,3,1
2009,2009-08-02,230S,3,5
2009,2009-08-03,214E,3,2
2009,2009-08-03,214W,3,1
2009,2009-08-03,218E,3,4
2009,2009-08-03,218W,3,2
2009,2009-08-03,230N,3,2
2009,2009-08-03,230S,3,1
2009,2009-08-04,214E,3,1
2009,2009-08-04,214W,3,1
2009,2009-08-04,218E,3,1
2009,2009-08-04,230S,3,1
2009,2009-08-05,214E,3,5
2009,2009-08-05,214W,3,1
2009,2009-08-05,218E,3,2
2009,2009-08-05,230S,3,1
2009,2009-08-06,214E,3,2
2009,2009-08-06,214W,3,3
2009,2009-08-07,214E,3,1
2009,2009-08-07,214W,3,6
2009,2009-08-07,218E,3,1
2009,2009-08-08,214E,3,1
2009,2009-08-08,214W,3,8
2009,2009-08-08,218E,3,1
2009,2009-08-08,218W,3,1
2009,2009-08-13,214E,3,1
2009,2009-08-13,214W,3,2
2009,2009-08-13,218E,3,1
2009,2009-08-13,220E,3,7
2009,2009-08-14,214W,3,7
2009,2009-08-14,220E,3,1
2009,2009-08-14,230S,3,1
2009,2009-08-15,214W,3,6
2009,2009-08-15,230N,3,28
2009,2009-08-15,230S,3,37
2009,2009-08-16,230N,3,6
2009,2009-08-16,230S,3,22
2009,2009-08-17,218E,3,1
2009,2009-08-17,230N,3,6
2009,2009-08-17,230S,3,22
2009,2009-08-18,230S,3,1
2009,2009-08-19,230S,3,6
2009,2009-08-20,218E,3,2
2009,2009-08-20,230N,3,2
2009,2009-08-20,230S,3,10
2009,2009-08-21,214E,3,2
2009,2009-08-21,214W,3,3
2009,2009-08-21,218E,3,3
2009,2009-08-22,230S,3,3
2009,2009-08-23,230S,3,5
2009,2009-08-24,218W,3,1
2009,2009-08-24,230S,3,5
2009,2009-08-25,230N,3,2
2009,2009-08-25,230S,3,16
2009,2009-08-26,230N,3,3
2009,2009-08-26,230S,3,6
2010,2010-07-03,230N,3,7
2010,2010-07-03,230S,3,8
2010,2010-07-04,214E,3,10
2010,2010-07-04,214W,3,2
2010,2010-07-04,230N,3,2
2010,2010-07-04,230S,3,2
2010,2010-07-05,214E,3,6
2010,2010-07-05,214W,3,9
2010,2010-07-05,230N,3,4
2010,2010-07-05,230S,3,12
2010,2010-07-06,214E,3,2
2010,2010-07-06,214W,3,33
2010,2010-07-06,230N,3,16
2010,2010-07-06,230S,3,38
2010,2010-07-07,214E,3,25
2010,2010-07-07,214W,3,7
2010,2010-07-07,230N,3,2
2010,2010-07-10,230N,3,4
2010,2010-07-10,230S,3,13
2010,2010-07-12,230N,3,2
2010,2010-07-12,230S,3,13
2010,2010-07-13,218E,3,2
2010,2010-07-13,218W,3,12
2010,2010-07-13,230N,3,2
2010,2010-07-13,230S,3,2
2010,2010-07-14,218E,3,2
2010,2010-07-14,230N,3,1
2010,2010-07-14,230S,3,4
2010,2010-07-16,218E,3,1
2010,2010-07-16,218W,3,7
2010,2010-07-16,220E,3,5
2010,2010-07-16,220W,3,3
2010,2010-07-17,220E,3,4
2010,2010-07-17,220W,3,2
2010,2010-07-17,230N,3,4
2010,2010-07-17,230S,3,4
2010,2010-07-18,218W,3,3
2010,2010-07-18,220E,3,10
2010,2010-07-18,220W,3,3
2010,2010-07-18,230N,3,4
2010,2010-07-18,230S,3,17
2010,2010-07-19,214E,3,2
2010,2010-07-19,214W,3,17
2010,2010-07-19,218E,3,3
2010,2010-07-19,220E,3,3
2010,2010-07-19,220W,3,6
2010,2010-07-19,230N,3,1
2010,2010-07-19,230S,3,2
2010,2010-07-20,214E,3,2
2010,2010-07-20,214W,3,6
2010,2010-07-20,218E,3,2
2010,2010-07-20,218W,3,1
2010,2010-07-20,220E,3,3
2010,2010-07-20,220W,3,2
2010,2010-07-20,230S,3,1
2010,2010-07-21,214E,3,1
2010,2010-07-21,214W,3,2
2010,2010-07-21,220E,3,8
2010,2010-07-21,220W,3,6
2010,2010-07-22,214W,3,2
2010,2010-07-22,218E,3,1
2010,2010-07-22,218W,3,1
2010,2010-07-22,220W,3,2
2010,2010-07-22,230N,3,4
2010,2010-07-22,230S,3,8
2010,2010-07-23,214E,3,6
2010,2010-07-23,214W,3,5
2010,2010-07-23,218W,3,1
2010,2010-07-23,230N,3,2
2010,2010-07-23,230S,3,17
2010,2010-07-24,214E,3,5
2010,2010-07-24,218W,3,2
2010,2010-07-24,220W,3,6
2010,2010-07-24,230N,3,2
2010,2010-07-24,230S,3,9
2010,2010-07-26,214E,3,1
2010,2010-07-26,214W,3,7
2010,2010-07-26,218E,3,2
2010,2010-07-26,218W,3,2
2010,2010-07-26,220E,3,4
2010,2010-07-26,220W,3,5
2010,2010-07-26,230S,3,2
2010,2010-07-27,214E,3,2
2010,2010-07-27,214W,3,1
2010,2010-07-27,218E,3,1
2010,2010-07-27,218W,3,2
2010,2010-07-27,220E,3,3
2010,2010-07-27,220W,3,1
2010,2010-07-27,230N,3,2
2010,2010-07-27,230S,3,4
2010,2010-07-28,214W,3,7
2010,2010-07-28,218W,3,2
2010,2010-07-28,220E,3,5
2010,2010-07-28,220W,3,1
2010,2010-07-28,230N,3,4
2010,2010-07-28,230S,3,5
2010,2010-07-29,218E,3,1
2010,2010-07-29,218W,3,30
2010,2010-07-29,220E,3,3
2010,2010-07-29,220W,3,1
2010,2010-07-29,230S,3,3
2010,2010-07-30,214E,3,2
2010,2010-07-30,214W,3,1
2010,2010-07-30,218E,3,5
2010,2010-07-30,220E,3,1
2010,2010-07-30,220W,3,2
2010,2010-07-30,230S,3,2
2010,2010-07-31,214W,3,2
2010,2010-07-31,218E,3,6
2010,2010-07-31,218W,3,3
2010,2010-07-31,220E,3,1
2010,2010-07-31,220W,3,4
2010,2010-07-31,230N,3,1
2010,2010-07-31,230S,3,6
2010,2010-08-01,218W,3,2
2010,2010-08-01,220W,3,2
2010,2010-08-01,230N,3,5
2010,2010-08-01,230S,3,15
2010,2010-08-04,218E,3,3
2010,2010-08-04,218W,3,7
2010,2010-08-04,220W,3,4
2010,2010-08-04,230N,3,2
2010,2010-08-04,230S,3,5
2010,2010-08-05,214W,3,13
2010,2010-08-05,218E,3,1
2010,2010-08-05,218W,3,5
2010,2010-08-05,220E,3,9
2010,2010-08-05,220W,3,6
2010,2010-08-05,230N,3,3
2010,2010-08-06,214E,3,3
2010,2010-08-06,214W,3,3
2010,2010-08-06,218E,3,2
2010,2010-08-06,218W,3,2
2010,2010-08-06,220E,3,5
2010,2010-08-06,220W,3,3
2010,2010-08-06,230N,3,2
2010,2010-08-06,230S,3,5
2010,2010-08-07,214E,3,1
2010,2010-08-07,214W,3,1
2010,2010-08-07,218E,3,2
2010,2010-08-07,218W,3,1
2010,2010-08-07,220W,3,7
2010,2010-08-08,214E,3,1
2010,2010-08-08,214W,3,5
2010,2010-08-08,220W,3,2
2010,2010-08-08,230S,3,3
2010,2010-08-09,214E,3,2
2010,2010-08-09,214W,3,3
2010,2010-08-09,218E,3,1
2010,2010-08-09,220E,3,1
2010,2010-08-09,220W,3,1
2010,2010-08-09,230S,3,1
2010,2010-08-10,218W,3,1
2010,2010-08-10,220E,3,1
2010,2010-08-10,230S,3,7
2010,2010-08-11,220E,3,3
2010,2010-08-11,230N,3,2
2010,2010-08-11,230S,3,13
2010,2010-08-12,214E,3,1
2010,2010-08-12,214W,3,18
2010,2010-08-12,220E,3,1
2010,2010-08-12,220W,3,3
2010,2010-08-12,230S,3,3
2010,2010-08-13,214W,3,7
2010,2010-08-13,218W,3,1
2010,2010-08-13,220E,3,1
2010,2010-08-13,230S,3,4
2010,2010-08-14,214W,3,3
2010,2010-08-14,218E,3,9
2010,2010-08-14,218W,3,1
2010,2010-08-14,230S,3,2
2010,2010-08-16,220E,3,1
2010,2010-08-17,218E,3,2
2010,2010-08-17,218W,3,7
2010,2010-08-17,220E,3,1
2010,2010-08-18,214E,3,1
2010,2010-08-18,230N,3,1
2010,2010-08-18,230S,3,1
2010,2010-08-19,214W,3,2
2010,2010-08-19,218W,3,2
2010,2010-08-19,220E,3,1
2010,2010-08-19,220W,3,2
2010,2010-08-20,214E,3,1
2010,2010-08-20,220W,3,2
2010,2010-08-20,230S,3,3
2010,2010-08-21,218E,3,1
2010,2010-08-21,218W,3,1
2010,2010-08-21,220E,3,1
2010,2010-08-21,220W,3,7
2010,2010-08-23,214E,3,1
2010,2010-08-23,214W,3,1
2010,2010-08-23,218W,3,1
2010,2010-08-23,220W,3,10
2010,2010-08-24,214W,3,2
2010,2010-08-24,220W,3,2
2010,2010-08-24,230N,3,1
2010,2010-08-24,230S,3,1
2010,2010-08-25,214W,3,1
2010,2010-08-25,218W,3,1
2010,2010-08-25,220W,3,3
2010,2010-08-25,230S,3,1
2010,2010-08-26,214E,3,1
2010,2010-08-26,214W,3,3
2010,2010-08-27,214W,3,1
2010,2010-08-27,220E,3,2
2010,2010-08-27,220W,3,1
2010,2010-08-28,230S,3,1
2011,2011-07-02,218E,3,1
2011,2011-07-02,230S,3,6
2011,2011-07-07,220W,3,2
2011,2011-07-08,214E,3,8
2011,2011-07-08,214W,3,7
2011,2011-07-08,220E,3,22
2011,2011-07-08,220W,3,8
2011,2011-07-09,214E,3,9
2011,2011-07-09,214W,3,14
2011,2011-07-09,218E,3,2
2011,2011-07-09,218W,3,5
2011,2011-07-09,220E,3,16
2011,2011-07-10,214E,3,1
2011,2011-07-10,214W,3,13
2011,2011-07-10,220W,3,6
2011,2011-07-11,214E,3,2
2011,2011-07-11,214W,3,7
2011,2011-07-11,218E,3,4
2011,2011-07-12,218E,3,1
2011,2011-07-13,214E,3,13
2011,2011-07-13,214W,3,17
2011,2011-07-13,218E,3,1
2011,2011-07-13,218W,3,2
2011,2011-07-13,220E,3,2
2011,2011-07-13,220W,3,4
2011,2011-07-13,230N,3,1
2011,2011-07-13,230S,3,1
2011,2011-07-14,218E,3,9
2011,2011-07-14,218W,3,1
2011,2011-07-14,220E,3,5
2011,2011-07-14,220W,3,5
2011,2011-07-15,214E,3,8
2011,2011-07-15,214W,3,28
2011,2011-07-15,218E,3,7
2011,2011-07-15,218W,3,3
2011,2011-07-15,220E,3,6
2011,2011-07-15,220W,3,5
2011,2011-07-15,230N,3,1
2011,2011-07-15,230S,3,1
2011,2011-07-16,214E,3,1
2011,2011-07-16,214W,3,2
2011,2011-07-16,218E,3,3
2011,2011-07-16,218W,3,1
2011,2011-07-16,220E,3,11
2011,2011-07-16,220W,3,11
2011,2011-07-16,230S,3,1
2011,2011-07-17,214E,3,3
2011,2011-07-17,214W,3,19
2011,2011-07-17,218E,3,11
2011,2011-07-17,218W,3,3
2011,2011-07-17,220E,3,6
2011,2011-07-17,220W,3,14
2011,2011-07-17,230N,3,1
2011,2011-07-17,230S,3,5
2011,2011-07-18,214E,3,5
2011,2011-07-18,214W,3,6
2011,2011-07-18,218E,3,2
2011,2011-07-18,220W,3,1
2011,2011-07-18,230N,3,2
2011,2011-07-18,230S,3,10
2011,2011-07-19,214E,3,3
2011,2011-07-19,214W,3,6
2011,2011-07-19,218E,3,4
2011,2011-07-19,218W,3,3
2011,2011-07-19,230S,3,8
2011,2011-07-20,214E,3,2
2011,2011-07-20,214W,3,2
2011,2011-07-20,218E,3,4
2011,2011-07-20,218W,3,1
2011,2011-07-20,220E,3,2
2011,2011-07-20,230S,3,1
2011,2011-07-21,218E,3,6
2011,2011-07-21,218W,3,1
2011,2011-07-21,230N,3,1
2011,2011-07-21,230S,3,2
2011,2011-07-22,218E,3,1
2011,2011-07-22,218W,3,1
2011,2011-07-22,230N,3,1
2011,2011-07-22,230S,3,2
2011,2011-07-23,214W,3,1
2011,2011-07-23,218E,3,1
2011,2011-07-23,218W,3,1
2011,2011-07-23,230S,3,1
2011,2011-07-24,214E,3,1
2011,2011-07-24,218E,3,2
2011,2011-07-24,218W,3,1
2011,2011-07-25,220E,3,1
2011,2011-07-25,220W,3,3
2011,2011-07-27,214W,3,1
2011,2011-07-28,218W,3,2
2011,2011-07-29,218W,3,1
2011,2011-07-30,214E,3,1
2011,2011-07-30,214W,3,3
2011,2011-07-30,218W,3,1
2011,2011-07-30,230S,3,2
2011,2011-07-31,218E,3,1
2011,2011-07-31,220W,3,1
2011,2011-07-31,230S,3,2
2011,2011-08-01,214E,3,1
2011,2011-08-01,214W,3,1
2011,2011-08-01,218E,3,1
2011,2011-08-01,218W,3,1
2011,2011-08-02,214E,3,2
2011,2011-08-02,214W,3,3
2011,2011-08-02,220E,3,1
2011,2011-08-03,214E,3,1
2011,2011-08-03,214W,3,4
2011,2011-08-03,218E,3,1
2011,2011-08-03,230N,3,1
2011,2011-08-03,230S,3,2
2011,2011-08-04,218E,3,1
2011,2011-08-04,218W,3,1
2011,2011-08-05,214W,3,2
2011,2011-08-05,220W,3,2
2011,2011-08-05,230N,3,1
2011,2011-08-06,214W,3,2
2011,2011-08-06,218W,3,1
2011,2011-08-06,220W,3,1
2011,2011-08-06,230N,3,2
2011,2011-08-06,230S,3,10
2011,2011-08-07,214E,3,1
2011,2011-08-07,214W,3,1
2011,2011-08-07,230N,3,1
2011,2011-08-07,230S,3,1
2011,2011-08-08,214W,3,2
2011,2011-08-08,230N,3,1
2011,2011-08-08,230S,3,3
2011,2011-08-09,218E,3,1
2011,2011-08-09,218W,3,1
2011,2011-08-09,230N,3,1
2011,2011-08-09,230S,3,2
2011,2011-08-11,230S,3,3
2011,2011-08-15,214E,3,5
2011,2011-08-15,214W,3,3
2011,2011-08-16,214E,3,1
2011,2011-08-16,214W,3,5
2011,2011-08-16,220E,3,1
2011,2011-08-16,220W,3,1
2011,2011-08-16,230N,3,2
2011,2011-08-16,230S,3,1
2011,2011-08-17,214W,3,1
2011,2011-08-17,218E,3,1
2011,2011-08-17,220E,3,1
2011,2011-08-18,214W,3,1
2011,2011-08-19,214W,3,3
2011,2011-08-19,218W,3,1
2011,2011-08-19,220W,3,1
2011,2011-08-20,218E,3,3
2011,2011-08-20,220E,3,2
2011,2011-08-20,220W,3,1
2011,2011-08-23,214W,3,3
2011,2011-08-23,230N,3,1
2011,2011-08-23,230S,3,1
2011,2011-08-24,230N,3,1
2011,2011-08-25,214W,3,1
2011,2011-08-25,218E,3,2
2011,2011-08-27,214W,3,2
2012,2012-07-03,230N,3,3
2012,2012-07-03,230S,3,19
2012,2012-07-04,230S,3,3
2012,2012-07-05,230N,3,1
2012,2012-07-05,230S,3,22
2012,2012-07-06,230N,3,1
2012,2012-07-06,230S,3,7
2012,2012-07-07,230N,3,2
2012,2012-07-07,230S,3,8
2012,2012-07-08,230N,3,5
2012,2012-07-08,230S,3,7
2012,2012-07-09,230S,3,9
2012,2012-07-10,214E,3,16
2012,2012-07-10,214W,3,25
2012,2012-07-10,218E,3,18
2012,2012-07-10,218W,3,2
2012,2012-07-11,214E,3,2
2012,2012-07-11,214W,3,8
2012,2012-07-11,218E,3,20
2012,2012-07-11,218W,3,4
2012,2012-07-11,230N,3,1
2012,2012-07-11,230S,3,2
2012,2012-07-12,214E,3,3
2012,2012-07-12,214W,3,7
2012,2012-07-12,218E,3,7
2012,2012-07-12,218W,3,7
2012,2012-07-12,230S,3,1
2012,2012-07-13,214E,3,3
2012,2012-07-13,214W,3,6
2012,2012-07-13,218E,3,4
2012,2012-07-13,220E,3,2
2012,2012-07-13,220W,3,9
2012,2012-07-14,214E,3,6
2012,2012-07-14,214W,3,3
2012,2012-07-14,218E,3,5
2012,2012-07-14,218W,3,3
2012,2012-07-14,220E,3,4
2012,2012-07-14,230N,3,1
2012,2012-07-14,230S,3,1
2012,2012-07-15,214E,3,2
2012,2012-07-15,214W,3,3
2012,2012-07-15,218E,3,1
2012,2012-07-15,218W,3,1
2012,2012-07-15,220E,3,2
2012,2012-07-15,220W,3,6
2012,2012-07-16,214E,3,2
2012,2012-07-16,214W,3,6
2012,2012-07-16,218E,3,2
2012,2012-07-16,218W,3,2
2012,2012-07-16,220E,3,4
2012,2012-07-16,220W,3,2
2012,2012-07-17,218W,3,1
2012,2012-07-18,220E,3,1
2012,2012-07-18,220W,3,5
2012,2012-07-19,218W,3,1
2012,2012-07-19,220W,3,3
2012,2012-07-19,230S,3,2
2012,2012-07-20,218E,3,1
2012,2012-07-20,220E,3,1
2012,2012-07-20,220W,3,6
2012,2012-07-21,218W,3,6
2012,2012-07-21,220W,3,4
2012,2012-07-21,230N,3,1
2012,2012-07-21,230S,3,1
2012,2012-07-22,218E,3,2
2012,2012-07-22,218W,3,1
2012,2012-07-22,230S,3,1
2012,2012-07-23,214E,3,2
2012,2012-07-23,214W,3,1
2012,2012-07-23,218E,3,6
2012,2012-07-23,218W,3,3
2012,2012-07-23,220E,3,2
2012,2012-07-23,230S,3,1
2012,2012-07-24,214E,3,1
2012,2012-07-24,214W,3,2
2012,2012-07-24,218E,3,2
2012,2012-07-24,220W,3,1
2012,2012-07-24,230S,3,1
2012,2012-07-25,214W,3,3
2012,2012-07-25,230N,3,1
2012,2012-07-25,230S,3,6
2012,2012-07-26,214E,3,2
2012,2012-07-26,218E,3,2
2012,2012-07-26,220E,3,1
2012,2012-07-26,220W,3,1
2012,2012-07-27,214E,3,2
2012,2012-07-27,214W,3,16
2012,2012-07-27,218E,3,3
2012,2012-07-27,218W,3,2
2012,2012-07-27,220E,3,3
2012,2012-07-28,214W,3,5
2012,2012-07-28,218E,3,3
2012,2012-07-28,218W,3,1
2012,2012-07-28,230S,3,1
2012,2012-07-29,214E,3,2
2012,2012-07-29,214W,3,3
2012,2012-07-29,218E,3,3
2012,2012-07-29,220E,3,1
2012,2012-07-29,220W,3,1
2012,2012-07-30,214W,3,3
2012,2012-07-31,214E,3,4
2012,2012-07-31,214W,3,2
2012,2012-08-01,214E,3,1
2012,2012-08-01,214W,3,2
2012,2012-08-01,218E,3,3
2012,2012-08-01,230S,3,1
2012,2012-08-02,220E,3,2
2012,2012-08-03,218E,3,1
2012,2012-08-04,214E,3,1
2012,2012-08-04,218W,3,2
2012,2012-08-05,214E,3,1
2012,2012-08-05,218E,3,1
2012,2012-08-05,218W,3,1
2012,2012-08-05,220W,3,1
2012,2012-08-05,230N,3,1
2012,2012-08-06,218W,3,1
2012,2012-08-06,230S,3,2
2012,2012-08-07,214E,3,1
2012,2012-08-11,218W,3,1
2012,2012-08-12,220E,3,3
2012,2012-08-13,214W,3,1
2012,2012-08-13,218E,3,1
2012,2012-08-13,218W,3,1
2012,2012-08-13,220E,3,1
2012,2012-08-13,220W,3,2
2012,2012-08-13,230S,3,1
2012,2012-08-14,214E,3,1
2012,2012-08-14,214W,3,2
2012,2012-08-14,218E,3,4
2012,2012-08-14,220E,3,3
2012,2012-08-14,220W,3,2
2012,2012-08-15,214W,3,1
2012,2012-08-15,218E,3,8
2012,2012-08-15,220E,3,1
2012,2012-08-16,218E,3,1
2012,2012-08-17,218E,3,1
2012,2012-08-18,230S,3,1
2012,2012-08-19,218E,3,1
2012,2012-08-20,218E,3,2
2012,2012-08-20,220E,3,1
2012,2012-08-21,230N,3,1
2012,2012-08-22,218E,3,4
2012,2012-08-22,218W,3,1
2012,2012-08-22,220E,3,2
2012,2012-08-22,230N,3,1
2012,2012-08-23,218E,3,3
2012,2012-08-24,214E,3,3
2012,2012-08-24,214W,3,3
2012,2012-08-24,218E,3,6
2012,2012-08-24,230S,3,2
2012,2012-08-25,218W,3,1
2013,2013-07-04,214E,3,5
2013,2013-07-04,214W,3,1
2013,2013-07-05,214E,3,1
2013,2013-07-05,214W,3,4
2013,2013-07-05,218E,3,45
2013,2013-07-05,218W,3,6
2013,2013-07-05,230S,3,4
2013,2013-07-06,214E,3,3
2013,2013-07-06,214W,3,1
2013,2013-07-06,218E,3,18
2013,2013-07-06,218W,3,1
2013,2013-07-07,214E,3,1
2013,2013-07-07,214W,3,6
2013,2013-07-07,218E,3,25
2013,2013-07-07,218W,3,1
2013,2013-07-07,230N,3,1
2013,2013-07-07,230S,3,3
2013,2013-07-08,214E,3,1
2013,2013-07-08,214W,3,4
2013,2013-07-08,230S,3,5
2013,2013-07-09,214W,3,2
2013,2013-07-09,218E,3,2
2013,2013-07-09,230S,3,4
2013,2013-07-10,218E,3,5
2013,2013-07-10,218W,3,1
2013,2013-07-11,218E,3,4
2013,2013-07-11,218W,3,1
2013,2013-07-11,230S,3,1
2013,2013-07-12,214W,3,6
2013,2013-07-12,218E,3,12
2013,2013-07-12,218W,3,1
2013,2013-07-12,220E,3,35
2013,2013-07-12,220W,3,16
2013,2013-07-12,230S,3,1
2013,2013-07-13,214W,3,1
2013,2013-07-13,218E,3,11
2013,2013-07-13,220E,3,23
2013,2013-07-13,220W,3,6
2013,2013-07-13,230S,3,2
2013,2013-07-14,214W,3,1
2013,2013-07-14,218E,3,18
2013,2013-07-14,220E,3,13
2013,2013-07-14,220W,3,6
2013,2013-07-15,214E,3,1
2013,2013-07-15,214W,3,1
2013,2013-07-15,218E,3,15
2013,2013-07-15,218W,3,3
2013,2013-07-15,220E,3,5
2013,2013-07-15,220W,3,6
2013,2013-07-16,214W,3,14
2013,2013-07-16,218E,3,17
2013,2013-07-16,218W,3,4
2013,2013-07-16,220E,3,8
2013,2013-07-16,220W,3,11
2013,2013-07-17,214W,3,4
2013,2013-07-17,218E,3,9
2013,2013-07-17,218W,3,9
2013,2013-07-17,220E,3,2
2013,2013-07-17,220W,3,1
2013,2013-07-18,214E,3,1
2013,2013-07-18,214W,3,8
2013,2013-07-18,218E,3,3
2013,2013-07-18,218W,3,6
2013,2013-07-18,220W,3,1
2013,2013-07-18,230N,3,1
2013,2013-07-18,230S,3,9
2013,2013-07-19,214E,3,2
2013,2013-07-19,214W,3,1
2013,2013-07-19,218E,3,9
2013,2013-07-19,218W,3,6
2013,2013-07-19,220E,3,2
2013,2013-07-20,214W,3,3
2013,2013-07-20,218W,3,2
2013,2013-07-20,220W,3,1
2013,2013-07-21,214W,3,3
2013,2013-07-21,218E,3,1
2013,2013-07-21,218W,3,1
2013,2013-07-21,220E,3,3
2013,2013-07-21,220W,3,1
2013,2013-07-21,230S,3,4
2013,2013-07-22,214W,3,2
2013,2013-07-22,218E,3,2
2013,2013-07-22,220E,3,4
2013,2013-07-23,214E,3,10
2013,2013-07-23,214W,3,12
2013,2013-07-23,230N,3,1
2013,2013-07-23,230S,3,3
2013,2013-07-24,218W,3,1
2013,2013-07-28,214E,3,2
2013,2013-07-28,230N,3,1
2013,2013-07-28,230S,3,5
2013,2013-07-29,218E,3,1
2013,2013-07-29,218W,3,1
2013,2013-07-30,218E,3,1
2013,2013-07-30,218W,3,1
2013,2013-07-30,230N,3,1
2013,2013-07-30,230S,3,2
2013,2013-07-31,218E,3,4
2013,2013-07-31,230N,3,2
2013,2013-07-31,230S,3,14
2013,2013-08-01,214E,3,1
2013,2013-08-01,214W,3,3
2013,2013-08-01,218E,3,3
2013,2013-08-01,220E,3,3
2013,2013-08-01,230S,3,8
2013,2013-08-02,214E,3,1
2013,2013-08-03,214W,3,1
2013,2013-08-03,218E,3,5
2013,2013-08-03,218W,3,1
2013,2013-08-03,230N,3,1
2013,2013-08-03,230S,3,1
2013,2013-08-04,214E,3,1
2013,2013-08-04,218E,3,2
2013,2013-08-04,220W,3,1
2013,2013-08-04,230N,3,1
2013,2013-08-05,218E,3,3
2013,2013-08-05,218W,3,1
2013,2013-08-05,220E,3,1
2013,2013-08-05,230N,3,1
2013,2013-08-05,230S,3,1
2013,2013-08-06,214E,3,1
2013,2013-08-06,214W,3,1
2013,2013-08-06,230S,3,3
2013,2013-08-07,218E,3,2
2013,2013-08-07,218W,3,2
2013,2013-08-07,220E,3,8
2013,2013-08-07,220W,3,5
2013,2013-08-07,230S,3,2
2013,2013-08-08,214W,3,1
2013,2013-08-08,220E,3,7
2013,2013-08-08,220W,3,7
2013,2013-08-08,230S,3,1
2013,2013-08-09,218E,3,3
2013,2013-08-09,218W,3,2
2013,2013-08-09,220W,3,1
2013,2013-08-10,214W,3,2
2013,2013-08-10,218E,3,4
2013,2013-08-10,220E,3,1
2013,2013-08-10,230S,3,2
2013,2013-08-11,218E,3,5
2013,2013-08-12,214W,3,1
2013,2013-08-13,218W,3,2
2013,2013-08-13,220W,3,1
2013,2013-08-13,230S,3,1
2013,2013-08-16,214W,3,1
2013,2013-08-17,218E,3,3
2013,2013-08-17,218W,3,1
2013,2013-08-17,220E,3,1
2013,2013-08-17,230S,3,1
2013,2013-08-19,214W,3,1
2013,2013-08-19,230N,3,2
2013,2013-08-20,214W,3,2
2013,2013-08-21,218E,3,3
2013,2013-08-21,218W,3,1
2013,2013-08-21,230S,3,2
2013,2013-08-24,218E,3,1
2013,2013-08-25,218E,3,2
2013,2013-08-25,218W,3,1
2013,2013-08-25,230N,3,1
2013,2013-08-26,218W,3,1
2013,2013-08-26,230N,3,1
2013,2013-08-27,218E,3,1
2014,2014-07-01,218E,3,1
2014,2014-07-01,218W,3,1
2014,2014-07-01,230N,3,1
2014,2014-07-02,230N,3,1
2014,2014-07-03,230N,3,3
2014,2014-07-03,230S,3,4
2014,2014-07-04,214W,3,8
2014,2014-07-04,230N,3,4
2014,2014-07-04,230S,3,2
2014,2014-07-05,214E,3,1
2014,2014-07-05,214W,3,7
2014,2014-07-05,230N,3,1
2014,2014-07-05,230S,3,1
2014,2014-07-06,214E,3,0
2014,2014-07-06,214W,3,24
2014,2014-07-07,214E,3,0
2014,2014-07-07,218E,3,27
2014,2014-07-07,218W,3,24
2014,2014-07-08,214W,3,12
2014,2014-07-08,218E,3,18
2014,2014-07-08,218W,3,2
2014,2014-07-09,214E,3,1
2014,2014-07-09,214W,3,4
2014,2014-07-09,220E,3,16
2014,2014-07-09,220W,3,3
2014,2014-07-10,218E,3,2
2014,2014-07-10,218W,3,17
2014,2014-07-10,220E,3,31
2014,2014-07-10,220W,3,1
2014,2014-07-11,214E,3,1
2014,2014-07-11,214W,3,3
2014,2014-07-11,218E,3,10
2014,2014-07-11,218W,3,9
2014,2014-07-11,220E,3,17
2014,2014-07-11,220W,3,4
2014,2014-07-12,214E,3,2
2014,2014-07-12,214W,3,38
2014,2014-07-12,218E,3,17
2014,2014-07-12,218W,3,5
2014,2014-07-12,220E,3,6
2014,2014-07-12,220W,3,15
2014,2014-07-12,230N,3,5
2014,2014-07-12,230S,3,6
2014,2014-07-13,214W,3,15
2014,2014-07-13,218E,3,20
2014,2014-07-13,218W,3,4
2014,2014-07-13,220E,3,2
2014,2014-07-13,220W,3,3
2014,2014-07-13,230N,3,3
2014,2014-07-13,230S,3,1
2014,2014-07-14,214E,3,2
2014,2014-07-14,214W,3,21
2014,2014-07-14,220E,3,5
2014,2014-07-14,230N,3,1
2014,2014-07-14,230S,3,1
2014,2014-07-15,218E,3,5
2014,2014-07-15,218W,3,1
2014,2014-07-15,220E,3,7
2014,2014-07-15,230S,3,2
2014,2014-07-16,218E,3,7
2014,2014-07-16,220E,3,3
2014,2014-07-16,220W,3,1
2014,2014-07-17,218E,3,9
2014,2014-07-17,218W,3,2
2014,2014-07-17,220E,3,1
2014,2014-07-17,230N,3,2
2014,2014-07-17,230S,3,2
2014,2014-07-18,214E,3,1
2014,2014-07-18,214W,3,4
2014,2014-07-18,218E,3,3
2014,2014-07-18,230S,3,2
2014,2014-07-19,214W,3,7
2014,2014-07-19,218E,3,1
2014,2014-07-19,218W,3,1
2014,2014-07-19,220E,3,9
2014,2014-07-19,220W,3,5
2014,2014-07-19,230N,3,5
2014,2014-07-20,214W,3,2
2014,2014-07-20,218E,3,4
2014,2014-07-20,220E,3,1
2014,2014-07-20,220W,3,2
2014,2014-07-20,230N,3,1
2014,2014-07-21,218W,3,2
2014,2014-07-21,220E,3,1
2014,2014-07-21,220W,3,6
2014,2014-07-25,218W,3,1
2014,2014-07-26,214W,3,2
2014,2014-07-26,218W,3,2
2014,2014-07-26,230S,3,1
2014,2014-07-27,214W,3,2
2014,2014-07-27,218E,3,1
2014,2014-07-27,220E,3,1
2014,2014-07-28,218E,3,2
2014,2014-07-28,218W,3,2
2014,2014-07-29,214W,3,5
2014,2014-07-29,218E,3,1
2014,2014-07-29,220E,3,1
2014,2014-07-29,230N,3,1
2014,2014-07-29,230S,3,4
2014,2014-07-30,214W,3,1
2014,2014-07-30,218E,3,1
2014,2014-07-30,218W,3,1
2014,2014-07-30,220E,3,3
2014,2014-07-30,220W,3,5
2014,2014-07-31,218E,3,1
2014,2014-07-31,220E,3,5
2014,2014-08-01,214E,3,1
2014,2014-08-01,214W,3,3
2014,2014-08-01,220E,3,5
2014,2014-08-01,230N,3,1
2014,2014-08-01,230S,3,1
2014,2014-08-02,220E,3,1
2014,2014-08-02,220W,3,3
2014,2014-08-02,230N,3,1
2014,2014-08-03,230N,3,1
2014,2014-08-03,230S,3,1
2014,2014-08-04,218W,3,1
2014,2014-08-04,220E,3,1
2014,2014-08-05,214W,3,3
2014,2014-08-05,220E,3,1
2014,2014-08-06,214W,3,1
2014,2014-08-06,218E,3,1
2014,2014-08-07,220W,3,1
2014,2014-08-08,218E,3,1
2014,2014-08-08,218W,3,2
2014,2014-08-08,220E,3,4
2014,2014-08-09,220E,3,10
2014,2014-08-10,214W,3,2
2014,2014-08-10,218W,3,1
2014,2014-08-10,220E,3,5
2014,2014-08-11,214W,3,3
2014,2014-08-11,218E,3,1
2014,2014-08-11,218W,3,1
2014,2014-08-11,220E,3,4
2014,2014-08-12,214W,3,2
2014,2014-08-12,220E,3,2
2014,2014-08-12,220W,3,1
2014,2014-08-13,218E,3,1
2014,2014-08-13,220E,3,2
2014,2014-08-13,220W,3,1
2014,2014-08-14,214W,3,2
2014,2014-08-14,218E,3,1
2014,2014-08-14,220E,3,7
2014,2014-08-16,220E,3,4
2014,2014-08-17,220E,3,6
2014,2014-08-18,214E,3,1
2014,2014-08-18,214W,3,4
2014,2014-08-18,218E,3,3
2014,2014-08-19,214E,3,4
2014,2014-08-19,214W,3,21
2014,2014-08-19,218W,3,1
2014,2014-08-20,214W,3,1
2014,2014-08-20,218E,3,1
2014,2014-08-20,218W,3,10
2014,2014-08-22,220W,3,1
2014,2014-08-23,218W,3,1
2014,2014-08-25,214W,3,1
2014,2014-08-25,230N,3,4
2014,2014-08-25,230S,3,1
2014,2014-08-26,218E,3,1
2014,2014-08-26,218W,3,1
2014,2014-08-27,214W,3,1
2014,2014-08-28,218E,3,1
2014,2014-08-28,218W,3,6
2014,2014-08-28,220E,3,2
2014,2014-08-28,220W,3,1
2014,2014-08-30,220E,3,1
2014,2014-08-31,214W,3,3
2014,2014-09-01,214W,3,3
2015,2015-07-02,230N,3,1
2015,2015-07-02,230S,3,3
2015,2015-07-03,230N,3,0
2015,2015-07-03,230S,3,2
2015,2015-07-04,230N,3,0
2015,2015-07-04,230S,3,3
2015,2015-07-05,218E,3,5
2015,2015-07-05,218W,3,0
2015,2015-07-05,230N,3,0
2015,2015-07-05,230S,3,4
2015,2015-07-06,218E,3,9
2015,2015-07-06,218W,3,2
2015,2015-07-06,230N,3,0
2015,2015-07-06,230S,3,1
2015,2015-07-07,218E,3,13
2015,2015-07-07,218W,3,1
2015,2015-07-07,230N,3,1
2015,2015-07-07,230S,3,3
2015,2015-07-08,230N,3,0
2015,2015-07-08,230S,3,1
2015,2015-07-10,220E,3,8
2015,2015-07-10,220W,3,2
2015,2015-07-10,230N,3,0
2015,2015-07-10,230S,3,0
2015,2015-07-11,214E,3,0
2015,2015-07-11,214W,3,5
2015,2015-07-11,218E,3,0
2015,2015-07-11,218W,3,0
2015,2015-07-11,220E,3,0
2015,2015-07-11,220W,3,1
2015,2015-07-11,230N,3,0
2015,2015-07-11,230S,3,1
2015,2015-07-12,214E,3,1
2015,2015-07-12,214W,3,12
2015,2015-07-12,218E,3,1
2015,2015-07-12,218W,3,0
2015,2015-07-12,220E,3,4
2015,2015-07-12,220W,3,1
2015,2015-07-12,230N,3,0
2015,2015-07-12,230S,3,1
2015,2015-07-13,214E,3,0
2015,2015-07-13,214W,3,6
2015,2015-07-13,218E,3,4
2015,2015-07-13,218W,3,0
2015,2015-07-13,220E,3,7
2015,2015-07-13,220W,3,2
2015,2015-07-13,230N,3,2
2015,2015-07-13,230S,3,0
2015,2015-07-14,214E,3,0
2015,2015-07-14,214W,3,3
2015,2015-07-14,218E,3,2
2015,2015-07-14,218W,3,0
2015,2015-07-14,220E,3,0
2015,2015-07-14,220W,3,4
2015,2015-07-14,230S,3,1
2015,2015-07-15,214E,3,1
2015,2015-07-15,214W,3,1
2015,2015-07-15,218E,3,2
2015,2015-07-15,218W,3,4
2015,2015-07-15,220E,3,3
2015,2015-07-15,220W,3,2
2015,2015-07-15,230N,3,0
2015,2015-07-15,230S,3,0
2015,2015-07-16,214E,3,0
2015,2015-07-16,214W,3,5
2015,2015-07-16,218E,3,0
2015,2015-07-16,218W,3,0
2015,2015-07-16,220E,3,3
2015,2015-07-16,220W,3,1
2015,2015-07-16,230N,3,0
2015,2015-07-16,230S,3,0
2015,2015-07-17,214E,3,0
2015,2015-07-17,214W,3,0
2015,2015-07-17,218E,3,4
2015,2015-07-17,218W,3,1
2015,2015-07-17,220E,3,2
2015,2015-07-17,220W,3,4
2015,2015-07-17,230N,3,0
2015,2015-07-17,230S,3,0
2015,2015-07-18,214E,3,0
2015,2015-07-18,214W,3,0
2015,2015-07-18,218E,3,2
2015,2015-07-18,218W,3,3
2015,2015-07-18,220E,3,1
2015,2015-07-18,220W,3,2
2015,2015-07-18,230N,3,0
2015,2015-07-18,230S,3,0
2015,2015-07-19,214E,3,0
2015,2015-07-19,214W,3,1
2015,2015-07-19,218E,3,9
2015,2015-07-19,218W,3,5
2015,2015-07-19,220E,3,0
2015,2015-07-19,220W,3,3
2015,2015-07-19,230N,3,0
2015,2015-07-19,230S,3,0
2015,2015-07-20,214E,3,0
2015,2015-07-20,214W,3,1
2015,2015-07-20,218E,3,3
2015,2015-07-20,218W,3,2
2015,2015-07-20,220E,3,0
2015,2015-07-20,220W,3,0
2015,2015-07-20,230N,3,0
2015,2015-07-20,230S,3,0
2015,2015-07-21,214E,3,0
2015,2015-07-21,214W,3,1
2015,2015-07-21,218E,3,1
2015,2015-07-21,218W,3,1
2015,2015-07-21,220E,3,0
2015,2015-07-21,220W,3,1
2015,2015-07-21,230N,3,1
2015,2015-07-21,230S,3,0
2015,2015-07-22,214E,3,0
2015,2015-07-22,214W,3,2
2015,2015-07-22,230N,3,0
2015,2015-07-22,230S,3,0
2015,2015-07-23,230N,3,0
2015,2015-07-23,230S,3,0
2015,2015-07-24,214E,3,0
2015,2015-07-24,214W,3,0
2015,2015-07-24,218E,3,0
2015,2015-07-24,218W,3,4
2015,2015-07-24,220E,3,5
2015,2015-07-24,220W,3,2
2015,2015-07-24,230N,3,0
2015,2015-07-24,230S,3,0
2015,2015-07-25,214E,3,0
2015,2015-07-25,214W,3,3
2015,2015-07-25,218E,3,0
2015,2015-07-25,218W,3,0
2015,2015-07-25,220E,3,0
2015,2015-07-25,220W,3,1
2015,2015-07-25,230N,3,0
2015,2015-07-25,230S,3,2
2015,2015-07-26,214E,3,0
2015,2015-07-26,214W,3,0
2015,2015-07-26,218E,3,1
2015,2015-07-26,218W,3,0
2015,2015-07-26,220E,3,0
2015,2015-07-26,220W,3,0
2015,2015-07-26,230N,3,0
2015,2015-07-26,230S,3,2
2015,2015-07-27,214E,3,0
2015,2015-07-27,214W,3,0
2015,2015-07-27,218E,3,0
2015,2015-07-27,218W,3,1
2015,2015-07-27,220E,3,0
2015,2015-07-27,220W,3,1
2015,2015-07-27,230N,3,0
2015,2015-07-27,230S,3,0
2015,2015-07-28,214E,3,0
2015,2015-07-28,214W,3,0
2015,2015-07-28,218E,3,0
2015,2015-07-28,218W,3,1
2015,2015-07-28,220E,3,1
2015,2015-07-28,220W,3,0
2015,2015-07-28,230N,3,0
2015,2015-07-28,230S,3,0
2015,2015-07-29,214E,3,0
2015,2015-07-29,214W,3,1
2015,2015-07-29,218E,3,0
2015,2015-07-29,218W,3,0
2015,2015-07-29,220E,3,0
2015,2015-07-29,220W,3,1
2015,2015-07-29,230N,3,0
2015,2015-07-29,230S,3,0
2015,2015-07-30,214E,3,0
2015,2015-07-30,214W,3,1
2015,2015-07-30,218E,3,0
2015,2015-07-30,218W,3,0
2015,2015-07-30,220E,3,0
2015,2015-07-30,220W,3,0
2015,2015-07-30,230N,3,1
2015,2015-07-30,230S,3,0
2015,2015-07-31,214E,3,0
2015,2015-07-31,214W,3,2
2015,2015-07-31,218E,3,0
2015,2015-07-31,218W,3,0
2015,2015-07-31,220E,3,0
2015,2015-07-31,220W,3,0
2015,2015-07-31,230N,3,0
2015,2015-07-31,230S,3,0
2015,2015-08-01,218E,3,0
2015,2015-08-01,218W,3,2
2015,2015-08-01,220E,3,0
2015,2015-08-01,220W,3,0
2015,2015-08-01,230N,3,1
2015,2015-08-01,230S,3,0
2015,2015-08-02,218E,3,0
2015,2015-08-02,218W,3,0
2015,2015-08-02,220E,3,0
2015,2015-08-02,220W,3,0
2015,2015-08-02,230N,3,0
2015,2015-08-02,230S,3,2
2015,2015-08-03,218E,3,1
2015,2015-08-03,218W,3,1
2015,2015-08-03,220E,3,0
2015,2015-08-03,220W,3,0
2015,2015-08-03,230N,3,0
2015,2015-08-03,230S,3,0
2015,2015-08-04,218E,3,0
2015,2015-08-04,218W,3,0
2015,2015-08-04,220E,3,0
2015,2015-08-04,220W,3,0
2015,2015-08-05,218E,3,1
2015,2015-08-05,218W,3,0
2015,2015-08-05,220E,3,0
2015,2015-08-05,220W,3,0
2015,2015-08-05,230N,3,0
2015,2015-08-05,230S,3,2
2015,2015-08-06,214E,3,0
2015,2015-08-06,214W,3,0
2015,2015-08-06,218E,3,3
2015,2015-08-06,218W,3,1
2015,2015-08-06,220E,3,0
2015,2015-08-06,220W,3,0
2015,2015-08-06,230N,3,0
2015,2015-08-06,230S,3,0
2015,2015-08-07,214E,3,0
2015,2015-08-07,214W,3,0
2015,2015-08-07,218E,3,5
2015,2015-08-07,218W,3,2
2015,2015-08-07,220E,3,0
2015,2015-08-07,220W,3,0
2015,2015-08-07,230N,3,0
2015,2015-08-07,230S,3,0
2015,2015-08-08,214E,3,0
2015,2015-08-08,214W,3,3
2015,2015-08-08,218E,3,1
2015,2015-08-08,218W,3,2
2015,2015-08-08,220E,3,0
2015,2015-08-08,220W,3,1
2015,2015-08-08,230N,3,1
2015,2015-08-08,230S,3,1
2015,2015-08-09,214E,3,0
2015,2015-08-09,214W,3,1
2015,2015-08-09,218E,3,0
2015,2015-08-09,218W,3,0
2015,2015-08-09,220E,3,0
2015,2015-08-09,220W,3,0
2015,2015-08-09,230N,3,1
2015,2015-08-09,230S,3,0
2015,2015-08-10,214E,3,2
2015,2015-08-10,214W,3,0
2015,2015-08-10,218E,3,1
2015,2015-08-10,218W,3,0
2015,2015-08-10,230N,3,0
2015,2015-08-10,230S,3,0
2015,2015-08-11,214E,3,0
2015,2015-08-11,214W,3,0
2015,2015-08-11,218E,3,2
2015,2015-08-11,218W,3,1
2015,2015-08-11,220E,3,2
2015,2015-08-11,220W,3,0
2015,2015-08-11,230N,3,2
2015,2015-08-12,214E,3,0
2015,2015-08-12,214W,3,0
2015,2015-08-12,218E,3,1
2015,2015-08-12,218W,3,1
2015,2015-08-12,220E,3,0
2015,2015-08-12,220W,3,0
2015,2015-08-12,230N,3,0
2015,2015-08-12,230S,3,1
2015,2015-08-13,214E,3,0
2015,2015-08-13,214W,3,0
2015,2015-08-13,218E,3,1
2015,2015-08-13,218W,3,0
2015,2015-08-13,220E,3,1
2015,2015-08-13,220W,3,0
2015,2015-08-13,230N,3,0
2015,2015-08-13,230S,3,0
2015,2015-08-14,214E,3,0
2015,2015-08-14,214W,3,0
2015,2015-08-14,218E,3,0
2015,2015-08-14,218W,3,0
2015,2015-08-14,220E,3,0
2015,2015-08-14,220W,3,0
2015,2015-08-14,230N,3,0
2015,2015-08-14,230S,3,0
2015,2015-08-15,214E,3,0
2015,2015-08-15,214W,3,0
2015,2015-08-15,218E,3,0
2015,2015-08-15,218W,3,0
2015,2015-08-15,220E,3,0
2015,2015-08-15,220W,3,0
2015,2015-08-15,230N,3,0
2015,2015-08-15,230S,3,1
2015,2015-08-16,214E,3,0
2015,2015-08-16,214W,3,0
2015,2015-08-16,218E,3,0
2015,2015-08-16,218W,3,0
2015,2015-08-16,220E,3,0
2015,2015-08-16,220W,3,0
2015,2015-08-16,230N,3,0
2015,2015-08-16,230S,3,0
2015,2015-08-17,214E,3,0
2015,2015-08-17,214W,3,1
2015,2015-08-17,218E,3,0
2015,2015-08-17,218W,3,0
2015,2015-08-17,220E,3,3
2015,2015-08-17,220W,3,0
2015,2015-08-17,230N,3,0
2015,2015-08-17,230S,3,0
2015,2015-08-18,220E,3,1
2015,2015-08-18,220W,3,0
2015,2015-08-18,230N,3,1
2015,2015-08-18,230S,3,0
2015,2015-08-19,218E,3,1
2015,2015-08-19,218W,3,0
2015,2015-08-19,220E,3,3
2015,2015-08-19,220W,3,0
2015,2015-08-19,230N,3,0
2015,2015-08-19,230S,3,0
2015,2015-08-20,214E,3,0
2015,2015-08-20,214W,3,2
2015,2015-08-20,218E,3,2
2015,2015-08-20,218W,3,0
2015,2015-08-20,220E,3,0
2015,2015-08-20,220W,3,1
2015,2015-08-20,230N,3,0
2015,2015-08-20,230S,3,0
2015,2015-08-21,214E,3,0
2015,2015-08-21,214W,3,3
2015,2015-08-22,214E,3,1
2015,2015-08-22,214W,3,12
2015,2015-08-22,218E,3,1
2015,2015-08-22,218W,3,1
2015,2015-08-22,220E,3,3
2015,2015-08-22,220W,3,0
2015,2015-08-22,230N,3,0
2015,2015-08-22,230S,3,0
2015,2015-08-23,214E,3,1
2015,2015-08-23,214W,3,1
2015,2015-08-23,230N,3,0
2015,2015-08-23,230S,3,0
2015,2015-08-24,214E,3,0
2015,2015-08-24,214W,3,2
2015,2015-08-24,218E,3,2
2015,2015-08-24,218W,3,0
2015,2015-08-24,220E,3,2
2015,2015-08-24,220W,3,1
2015,2015-08-24,230N,3,0
2015,2015-08-24,230S,3,0
2015,2015-08-25,214E,3,0
2015,2015-08-25,214W,3,1
2015,2015-08-25,218E,3,0
2015,2015-08-25,218W,3,0
2015,2015-08-25,230N,3,0
2015,2015-08-25,230S,3,0
2015,2015-08-26,214E,3,0
2015,2015-08-26,214W,3,1
2015,2015-08-26,218E,3,0
2015,2015-08-26,218W,3,0
2015,2015-08-26,230N,3,0
2015,2015-08-26,230S,3,0
2016,2016-07-02,230N,3,0
2016,2016-07-02,230S,3,1
2016,2016-07-03,214E,3,0
2016,2016-07-03,214W,3,8
2016,2016-07-03,230N,3,0
2016,2016-07-03,230S,3,1
2016,2016-07-04,214E,3,8
2016,2016-07-04,214W,3,3
2016,2016-07-04,218E,3,3
2016,2016-07-04,218W,3,4
2016,2016-07-04,230N,3,0
2016,2016-07-04,230S,3,0
2016,2016-07-05,214E,3,2
2016,2016-07-05,214W,3,22
2016,2016-07-05,218E,3,3
2016,2016-07-05,218W,3,4
2016,2016-07-05,230N,3,0
2016,2016-07-05,230S,3,1
2016,2016-07-06,214E,3,0
2016,2016-07-06,214W,3,10
2016,2016-07-06,218E,3,5
2016,2016-07-06,218W,3,0
2016,2016-07-06,230N,3,1
2016,2016-07-06,230S,3,1
2016,2016-07-07,214E,3,1
2016,2016-07-07,214W,3,4
2016,2016-07-07,218E,3,10
2016,2016-07-07,218W,3,8
2016,2016-07-07,220E,3,4
2016,2016-07-07,220W,3,2
2016,2016-07-07,230N,3,0
2016,2016-07-07,230S,3,0
2016,2016-07-08,214E,3,2
2016,2016-07-08,214W,3,6
2016,2016-07-08,218E,3,7
2016,2016-07-08,218W,3,1
2016,2016-07-08,220E,3,4
2016,2016-07-08,220W,3,0
2016,2016-07-08,230N,3,1
2016,2016-07-08,230S,3,0
2016,2016-07-09,214E,3,0
2016,2016-07-09,214W,3,6
2016,2016-07-09,218E,3,4
2016,2016-07-09,218W,3,2
2016,2016-07-09,220E,3,4
2016,2016-07-09,220W,3,7
2016,2016-07-09,230N,3,0
2016,2016-07-09,230S,3,0
2016,2016-07-10,214E,3,0
2016,2016-07-10,214W,3,24
2016,2016-07-10,218E,3,5
2016,2016-07-10,218W,3,3
2016,2016-07-10,220E,3,12
2016,2016-07-10,220W,3,6
2016,2016-07-10,230N,3,0
2016,2016-07-10,230S,3,1
2016,2016-07-11,214E,3,0
2016,2016-07-11,214W,3,3
2016,2016-07-11,218E,3,2
2016,2016-07-11,218W,3,9
2016,2016-07-11,220E,3,0
2016,2016-07-11,220W,3,4
2016,2016-07-11,230N,3,0
2016,2016-07-11,230S,3,2
2016,2016-07-12,214E,3,0
2016,2016-07-12,214W,3,3
2016,2016-07-12,218E,3,1
2016,2016-07-12,218W,3,8
2016,2016-07-12,220E,3,1
2016,2016-07-12,220W,3,5
2016,2016-07-12,230N,3,0
2016,2016-07-12,230S,3,2
2016,2016-07-13,214E,3,4
2016,2016-07-13,214W,3,2
2016,2016-07-13,218E,3,18
2016,2016-07-13,218W,3,6
2016,2016-07-13,220E,3,6
2016,2016-07-13,220W,3,1
2016,2016-07-13,230N,3,0
2016,2016-07-13,230S,3,6
2016,2016-07-14,214E,3,1
2016,2016-07-14,214W,3,34
2016,2016-07-14,218E,3,8
2016,2016-07-14,218W,3,15
2016,2016-07-14,220E,3,8
2016,2016-07-14,220W,3,11
2016,2016-07-14,230N,3,0
2016,2016-07-14,230S,3,3
2016,2016-07-15,218E,3,35
2016,2016-07-15,218W,3,17
2016,2016-07-15,230N,3,1
2016,2016-07-15,230S,3,1
2016,2016-07-21,218E,3,9
2016,2016-07-21,218W,3,8
2016,2016-07-21,220E,3,2
2016,2016-07-21,220W,3,2
2016,2016-07-21,230N,3,1
2016,2016-07-21,230S,3,14
2016,2016-07-22,218E,3,4
2016,2016-07-22,218W,3,4
2016,2016-07-22,220E,3,2
2016,2016-07-22,220W,3,7
2016,2016-07-22,230N,3,2
2016,2016-07-22,230S,3,9
2016,2016-07-23,218E,3,3
2016,2016-07-23,218W,3,4
2016,2016-07-23,220E,3,2
2016,2016-07-23,220W,3,1
2016,2016-07-23,230N,3,0
2016,2016-07-23,230S,3,1
2016,2016-07-24,218E,3,1
2016,2016-07-24,218W,3,1
2016,2016-07-24,220E,3,3
2016,2016-07-24,220W,3,3
2016,2016-07-24,230N,3,0
2016,2016-07-24,230S,3,1
2016,2016-07-25,218E,3,1
2016,2016-07-25,218W,3,0
2016,2016-07-25,220E,3,4
2016,2016-07-25,220W,3,3
2016,2016-07-25,230N,3,0
2016,2016-07-25,230S,3,0
2016,2016-07-26,218E,3,5
2016,2016-07-26,218W,3,4
2016,2016-07-26,220E,3,6
2016,2016-07-26,220W,3,0
2016,2016-07-26,230N,3,1
2016,2016-07-26,230S,3,0
2016,2016-07-27,214E,3,0
2016,2016-07-27,214W,3,7
2016,2016-07-27,218E,3,2
2016,2016-07-27,218W,3,1
2016,2016-07-27,220E,3,0
2016,2016-07-27,220W,3,2
2016,2016-07-27,230N,3,1
2016,2016-07-27,230S,3,0
2016,2016-07-28,214E,3,2
2016,2016-07-28,214W,3,12
2016,2016-07-28,218E,3,1
2016,2016-07-28,218W,3,1
2016,2016-07-28,220E,3,3
2016,2016-07-28,220W,3,0
2016,2016-07-28,230N,3,0
2016,2016-07-28,230S,3,0
2016,2016-07-29,218E,3,2
2016,2016-07-29,218W,3,11
2016,2016-07-29,220E,3,1
2016,2016-07-29,220W,3,0
2016,2016-07-29,230N,3,0
2016,2016-07-29,230S,3,0
2016,2016-07-30,218E,3,0
2016,2016-07-30,218W,3,0
2016,2016-07-30,220E,3,0
2016,2016-07-30,220W,3,0
2016,2016-07-30,230N,3,0
2016,2016-07-30,230S,3,1
2016,2016-07-31,218E,3,0
2016,2016-07-31,218W,3,1
2016,2016-07-31,220E,3,0
2016,2016-07-31,220W,3,0
2016,2016-07-31,230N,3,1
2016,2016-07-31,230S,3,7
2016,2016-08-01,218E,3,1
2016,2016-08-01,218W,3,0
2016,2016-08-01,220E,3,0
2016,2016-08-01,220W,3,0
2016,2016-08-01,230N,3,0
2016,2016-08-01,230S,3,4
2016,2016-08-02,218E,3,2
2016,2016-08-02,218W,3,2
2016,2016-08-03,220E,3,2
2016,2016-08-03,220W,3,0
2016,2016-08-04,218E,3,1
2016,2016-08-04,218W,3,1
2016,2016-08-04,220E,3,0
2016,2016-08-04,220W,3,0
2016,2016-08-04,230N,3,0
2016,2016-08-04,230S,3,2
2016,2016-08-05,218E,3,1
2016,2016-08-05,218W,3,0
2016,2016-08-05,220E,3,0
2016,2016-08-05,220W,3,2
2016,2016-08-05,230N,3,0
2016,2016-08-05,230S,3,0
2016,2016-08-06,218E,3,0
2016,2016-08-06,218W,3,0
2016,2016-08-06,220E,3,7
2016,2016-08-06,220W,3,7
2016,2016-08-06,230N,3,0
2016,2016-08-06,230S,3,1
2016,2016-08-07,214E,3,2
2016,2016-08-07,214W,3,6
2016,2016-08-07,218E,3,1
2016,2016-08-07,218W,3,1
2016,2016-08-07,220E,3,2
2016,2016-08-07,220W,3,0
2016,2016-08-07,230N,3,0
2016,2016-08-07,230S,3,0
2016,2016-08-08,214E,3,2
2016,2016-08-08,214W,3,1
2016,2016-08-08,218E,3,0
2016,2016-08-08,218W,3,9
2016,2016-08-08,220E,3,0
2016,2016-08-08,220W,3,4
2016,2016-08-08,230N,3,0
2016,2016-08-08,230S,3,0
2016,2016-08-09,214E,3,1
2016,2016-08-09,214W,3,4
2016,2016-08-09,218E,3,3
2016,2016-08-09,218W,3,0
2016,2016-08-09,220E,3,0
2016,2016-08-09,220W,3,1
2016,2016-08-09,230N,3,0
2016,2016-08-09,230S,3,10
2016,2016-08-10,214E,3,0
2016,2016-08-10,214W,3,3
2016,2016-08-10,218E,3,0
2016,2016-08-10,218W,3,0
2016,2016-08-10,220E,3,0
2016,2016-08-10,220W,3,0
2016,2016-08-10,230N,3,0
2016,2016-08-11,214E,3,0
2016,2016-08-11,214W,3,1
2016,2016-08-11,218E,3,0
2016,2016-08-11,218W,3,0
2016,2016-08-11,220E,3,0
2016,2016-08-11,220W,3,0
2016,2016-08-11,230N,3,0
2016,2016-08-11,230S,3,0
2016,2016-08-12,214E,3,0
2016,2016-08-12,214W,3,1
2016,2016-08-13,214E,3,0
2016,2016-08-13,214W,3,0
2016,2016-08-13,218E,3,0
2016,2016-08-13,218W,3,0
2016,2016-08-13,220E,3,4
2016,2016-08-13,220W,3,0
2016,2016-08-13,230N,3,2
2016,2016-08-13,230S,3,0
2016,2016-08-14,214E,3,0
2016,2016-08-14,214W,3,1
2016,2016-08-14,218E,3,0
2016,2016-08-14,218W,3,1
2016,2016-08-14,220E,3,0
2016,2016-08-14,220W,3,1
2016,2016-08-14,230N,3,0
2016,2016-08-14,230S,3,0
2016,2016-08-15,214E,3,0
2016,2016-08-15,214W,3,1
2016,2016-08-15,220E,3,0
2016,2016-08-15,220W,3,1
2016,2016-08-15,230N,3,0
2016,2016-08-15,230S,3,0
2016,2016-08-16,218E,3,0
2016,2016-08-16,218W,3,3
2016,2016-08-16,220E,3,0
2016,2016-08-16,220W,3,1
2016,2016-08-17,218E,3,0
2016,2016-08-17,218W,3,1
2016,2016-08-17,220E,3,0
2016,2016-08-17,220W,3,0
2016,2016-08-18,218E,3,0
2016,2016-08-18,218W,3,1
2016,2016-08-19,218E,3,0
2016,2016-08-19,218W,3,1
2016,2016-08-20,218E,3,1
2016,2016-08-20,218W,3,3
2016,2016-08-20,220E,3,0
2016,2016-08-20,220W,3,0
2016,2016-08-21,230N,3,2
2016,2016-08-21,230S,3,3
2016,2016-08-23,214E,3,0
2016,2016-08-23,214W,3,14
2016,2016-08-23,218E,3,0
2016,2016-08-23,218W,3,1
2016,2016-08-23,220E,3,6
2016,2016-08-23,220W,3,1
2016,2016-08-23,230N,3,5
2016,2016-08-23,230S,3,3
2016,2016-08-24,214E,3,1
2016,2016-08-24,214W,3,2
2016,2016-08-24,218E,3,0
2016,2016-08-24,218W,3,0
2016,2016-08-24,220E,3,2
2016,2016-08-24,220W,3,0
2016,2016-08-24,230N,3,1
2016,2016-08-24,230S,3,2
2016,2016-08-25,214E,3,1
2016,2016-08-25,214W,3,10
2016,2016-08-25,218E,3,1
2016,2016-08-25,218W,3,3
2016,2016-08-25,220E,3,4
2016,2016-08-25,220W,3,2
2016,2016-08-25,230N,3,4
2016,2016-08-25,230S,3,8
2016,2016-08-26,218E,3,2
2016,2016-08-26,218W,3,2
2016,2016-08-26,220E,3,0
2016,2016-08-26,220W,3,0
2016,2016-08-26,230N,3,7
2016,2016-08-26,230S,3,27
2016,2016-08-27,218E,3,4
2016,2016-08-27,218W,3,4
2016,2016-08-27,220E,3,3
2016,2016-08-27,220W,3,0
2016,2016-08-27,230N,3,1
2016,2016-08-27,230S,3,1
2016,2016-08-28,218E,3,5
2016,2016-08-28,218W,3,4
2016,2016-08-28,220E,3,0
2016,2016-08-28,220W,3,0
2016,2016-08-28,230N,3,1
2016,2016-08-28,230S,3,3
2016,2016-08-29,218E,3,1
2016,2016-08-29,218W,3,0
2016,2016-08-29,220E,3,0
2016,2016-08-29,220W,3,1
2016,2016-08-29,230N,3,4
2016,2016-08-29,230S,3,16
2016,2016-08-30,218E,3,0
2016,2016-08-30,218W,3,1
2016,2016-08-30,230N,3,0
2016,2016-08-30,230S,3,2
2016,2016-08-31,230N,3,5
2016,2016-08-31,230S,3,8
2017,2017-07-04,230N,3,4
2017,2017-07-04,230S,3,161
2017,2017-07-05,214E,3,37
2017,2017-07-05,214W,3,36
2017,2017-07-05,230S,3,1
2017,2017-07-06,214W,3,6
2017,2017-07-06,230N,3,1
2017,2017-07-07,214E,3,5
2017,2017-07-07,214W,3,7
2017,2017-07-07,220E,3,10
2017,2017-07-07,220W,3,4
2017,2017-07-07,230N,3,1
2017,2017-07-07,230S,3,34
2017,2017-07-08,214E,3,7
2017,2017-07-08,214W,3,24
2017,2017-07-08,218E,3,8
2017,2017-07-08,218W,3,5
2017,2017-07-08,220E,3,17
2017,2017-07-08,220W,3,4
2017,2017-07-08,230S,3,6
2017,2017-07-09,214E,3,2
2017,2017-07-09,214W,3,7
2017,2017-07-09,218E,3,190
2017,2017-07-09,230S,3,4
2017,2017-07-10,214E,3,2
2017,2017-07-10,214W,3,5
2017,2017-07-10,218W,3,8
2017,2017-07-10,220E,3,28
2017,2017-07-10,220W,3,18
2017,2017-07-10,230S,3,1
2017,2017-07-11,214W,3,7
2017,2017-07-11,218W,3,2
2017,2017-07-11,220E,3,15
2017,2017-07-11,220W,3,3
2017,2017-07-12,214E,3,5
2017,2017-07-12,214W,3,4
2017,2017-07-12,218E,3,30
2017,2017-07-12,218W,3,5
2017,2017-07-12,220E,3,24
2017,2017-07-12,220W,3,4
2017,2017-07-12,230S,3,2
2017,2017-07-13,214E,3,14
2017,2017-07-13,214W,3,6
2017,2017-07-13,218E,3,70
2017,2017-07-13,218W,3,4
2017,2017-07-13,220E,3,15
2017,2017-07-13,220W,3,9
2017,2017-07-13,230S,3,1
2017,2017-07-14,214E,3,0
2017,2017-07-14,214W,3,3
2017,2017-07-14,218E,3,49
2017,2017-07-14,218W,3,15
2017,2017-07-14,230S,3,1
2017,2017-07-15,214E,3,3
2017,2017-07-15,214W,3,12
2017,2017-07-15,218E,3,6
2017,2017-07-15,218W,3,13
2017,2017-07-15,220E,3,6
2017,2017-07-15,220W,3,4
2017,2017-07-15,230N,3,1
2017,2017-07-15,230S,3,1
2017,2017-07-16,214E,3,1
2017,2017-07-16,214W,3,17
2017,2017-07-16,218E,3,19
2017,2017-07-16,218W,3,6
2017,2017-07-16,220E,3,16
2017,2017-07-16,220W,3,1
2017,2017-07-16,230S,3,2
2017,2017-07-17,214W,3,19
2017,2017-07-17,218E,3,35
2017,2017-07-17,218W,3,14
2017,2017-07-17,220E,3,17
2017,2017-07-17,220W,3,2
2017,2017-07-18,214E,3,2
2017,2017-07-18,214W,3,15
2017,2017-07-18,218E,3,18
2017,2017-07-18,218W,3,18
2017,2017-07-18,220E,3,13
2017,2017-07-18,220W,3,5
2017,2017-07-19,214W,3,3
2017,2017-07-19,218E,3,12
2017,2017-07-19,218W,3,11
2017,2017-07-19,220E,3,14
2017,2017-07-19,220W,3,2
2017,2017-07-20,214E,3,4
2017,2017-07-20,214W,3,20
2017,2017-07-20,218W,3,6
2017,2017-07-20,230S,3,4
2017,2017-07-21,214E,3,10
2017,2017-07-21,214W,3,12
2017,2017-07-21,218E,3,3
2017,2017-07-21,218W,3,2
2017,2017-07-21,220E,3,14
2017,2017-07-21,230N,3,3
2017,2017-07-21,230S,3,8
2017,2017-07-22,218E,3,6
2017,2017-07-22,218W,3,4
2017,2017-07-22,220E,3,1
2017,2017-07-22,220W,3,2
2017,2017-07-23,218E,3,6
2017,2017-07-23,218W,3,1
2017,2017-07-23,220E,3,1
2017,2017-07-23,220W,3,1
2017,2017-07-23,230S,3,5
2017,2017-07-24,218E,3,5
2017,2017-07-24,218W,3,9
2017,2017-07-24,230S,3,3
2017,2017-07-25,230S,3,3
2017,2017-07-26,214E,3,8
2017,2017-07-26,214W,3,15
2017,2017-07-26,218E,3,12
2017,2017-07-26,218W,3,1
2017,2017-07-26,220E,3,7
2017,2017-07-26,220W,3,1
2017,2017-07-26,230N,3,2
2017,2017-07-26,230S,3,5
2017,2017-07-27,214E,3,3
2017,2017-07-27,214W,3,24
2017,2017-07-27,218E,3,12
2017,2017-07-27,218W,3,3
2017,2017-07-27,230S,3,1
2017,2017-07-28,214E,3,1
2017,2017-07-28,214W,3,11
2017,2017-07-28,218E,3,24
2017,2017-07-28,218W,3,11
2017,2017-07-28,220E,3,6
2017,2017-07-28,220W,3,4
2017,2017-07-28,230S,3,2
2017,2017-07-29,214W,3,2
2017,2017-07-29,218E,3,20
2017,2017-07-29,218W,3,6
2017,2017-07-29,220E,3,2
2017,2017-07-29,230S,3,1
2017,2017-07-30,214E,3,4
2017,2017-07-30,214W,3,14
2017,2017-07-30,230N,3,1
2017,2017-07-30,230S,3,5
2017,2017-07-31,214E,3,6
2017,2017-07-31,214W,3,26
2017,2017-07-31,218E,3,8
2017,2017-07-31,218W,3,1
2017,2017-07-31,220E,3,3
2017,2017-07-31,220W,3,1
2017,2017-08-01,218E,3,1
2017,2017-08-01,218W,3,2
2017,2017-08-02,218E,3,4
2017,2017-08-02,218W,3,8
2017,2017-08-02,230N,3,2
2017,2017-08-02,230S,3,2
2017,2017-08-03,214E,3,2
2017,2017-08-03,214W,3,9
2017,2017-08-03,220E,3,2
2017,2017-08-03,230S,3,11
2017,2017-08-04,214E,3,7
2017,2017-08-04,214W,3,8
2017,2017-08-04,218E,3,1
2017,2017-08-04,218W,3,2
2017,2017-08-05,214E,3,3
2017,2017-08-05,214W,3,1
2017,2017-08-05,218E,3,10
2017,2017-08-05,218W,3,1
2017,2017-08-05,220E,3,3
2017,2017-08-05,220W,3,1
2017,2017-08-05,230S,3,11
2017,2017-08-06,220E,3,6
2017,2017-08-06,220W,3,2
2017,2017-08-07,214W,3,1
2017,2017-08-07,218E,3,5
2017,2017-08-07,218W,3,6
2017,2017-08-07,220E,3,3
2017,2017-08-07,230N,3,1
2017,2017-08-08,214E,3,1
2017,2017-08-08,218E,3,5
2017,2017-08-08,218W,3,1
2017,2017-08-08,220E,3,2
2017,2017-08-08,230N,3,1
2017,2017-08-08,230S,3,3
2017,2017-08-09,218W,3,2
2017,2017-08-09,220E,3,1
2017,2017-08-10,218E,3,3
2017,2017-08-10,218W,3,2
2017,2017-08-12,218E,3,2
2017,2017-08-14,230S,3,1
2017,2017-08-15,214W,3,8
2017,2017-08-15,220E,3,3
2017,2017-08-15,230S,3,2
2017,2017-08-16,214E,3,1
2017,2017-08-16,214W,3,8
2017,2017-08-16,220E,3,1
2017,2017-08-16,220W,3,2
2017,2017-08-16,230S,3,1
2017,2017-08-17,214E,3,1
2017,2017-08-17,214W,3,3
2017,2017-08-17,218E,3,3
2017,2017-08-17,218W,3,2
2017,2017-08-17,220E,3,2
2017,2017-08-17,230S,3,1
2017,2017-08-18,214W,3,4
2017,2017-08-18,220E,3,1
2017,2017-08-18,220W,3,2
2017,2017-08-18,230S,3,2
2017,2017-08-19,214E,3,1
2017,2017-08-19,214W,3,4
2017,2017-08-19,218W,3,1
2017,2017-08-19,220E,3,1
2017,2017-08-19,220W,3,3
2017,2017-08-19,230N,3,1
2017,2017-08-19,230S,3,1
2017,2017-08-20,214W,3,1
2017,2017-08-20,218E,3,1
2017,2017-08-20,218W,3,2
2017,2017-08-20,220E,3,1
2017,2017-08-20,230S,3,1
2017,2017-08-21,218E,3,1
2017,2017-08-21,218W,3,2
2017,2017-08-21,220E,3,1
2017,2017-08-21,220W,3,1
2017,2017-08-21,230S,3,2
2017,2017-08-23,218E,3,8
2017,2017-08-23,218W,3,8
2017,2017-08-23,220W,3,10
2017,2017-08-23,230S,3,3
2017,2017-08-24,214W,3,2
2017,2017-08-24,218E,3,1
2017,2017-08-24,218W,3,3
2017,2017-08-24,220W,3,5
2017,2017-08-24,230N,3,1
2017,2017-08-24,230S,3,4
2017,2017-08-25,214W,3,12
2017,2017-08-25,220E,3,1
2017,2017-08-25,230S,3,24
2017,2017-08-26,230N,3,1
2017,2017-08-27,230S,3,1
2018,2018-07-06,230N,3,1
2018,2018-07-06,230S,3,8
2018,2018-07-07,230N,3,6
2018,2018-07-07,230S,3,1
2018,2018-07-08,230N,3,3
2018,2018-07-08,230S,3,33
2018,2018-07-09,230S,3,31
2018,2018-07-10,230S,3,10
2018,2018-07-11,230S,3,12
2018,2018-07-12,214W,3,3
2018,2018-07-13,214W,3,2
2018,2018-07-14,214E,3,1
2018,2018-07-14,214W,3,5
2018,2018-07-14,220E,3,18
2018,2018-07-14,220W,3,3
2018,2018-07-15,214W,3,25
2018,2018-07-15,220E,3,3
2018,2018-07-15,220W,3,1
2018,2018-07-15,230S,3,1
2018,2018-07-16,218E,3,9
2018,2018-07-16,218W,3,12
2018,2018-07-16,230S,3,5
2018,2018-07-17,218E,3,4
2018,2018-07-17,218W,3,8
2018,2018-07-17,220E,3,18
2018,2018-07-17,220W,3,2
2018,2018-07-17,230N,3,1
2018,2018-07-17,230S,3,14
2018,2018-07-20,218E,3,16
2018,2018-07-20,218W,3,11
2018,2018-07-21,218E,3,6
2018,2018-07-21,218W,3,3
2018,2018-07-21,220E,3,1
2018,2018-07-22,218E,3,16
2018,2018-07-22,218W,3,9
2018,2018-07-22,220W,3,1
2018,2018-07-22,230S,3,1
2018,2018-07-23,214W,3,3
2018,2018-07-23,218E,3,17
2018,2018-07-23,218W,3,11
2018,2018-07-23,220E,3,7
2018,2018-07-23,230S,3,4
2018,2018-07-24,214W,3,2
2018,2018-07-24,218E,3,71
2018,2018-07-24,218W,3,11
2018,2018-07-24,220E,3,7
2018,2018-07-25,220E,3,1
2018,2018-07-25,220W,3,2
2018,2018-07-26,218E,3,43
2018,2018-07-26,220E,3,3
2018,2018-07-26,220W,3,2
2018,2018-07-27,214W,3,8
2018,2018-07-27,218E,3,10
2018,2018-07-27,218W,3,3
2018,2018-07-27,220E,3,7
2018,2018-07-27,230S,3,2
2018,2018-07-28,218E,3,10
2018,2018-07-28,218W,3,6
2018,2018-07-28,220E,3,4
2018,2018-07-28,220W,3,5
2018,2018-07-29,218E,3,4
2018,2018-07-29,218W,3,8
2018,2018-07-29,220E,3,8
2018,2018-07-29,220W,3,2
2018,2018-07-29,230S,3,2
2018,2018-07-30,214E,3,1
2018,2018-07-30,214W,3,10
2018,2018-07-30,218E,3,12
2018,2018-07-30,218W,3,18
2018,2018-07-30,220E,3,2
2018,2018-07-30,220W,3,3
2018,2018-07-30,230S,3,1
2018,2018-07-31,214W,3,1
2018,2018-07-31,218W,3,5
2018,2018-07-31,220E,3,7
2018,2018-07-31,230N,3,2
2018,2018-07-31,230S,3,11
2018,2018-08-01,214E,3,4
2018,2018-08-01,214W,3,17
2018,2018-08-01,218E,3,11
2018,2018-08-01,218W,3,8
2018,2018-08-01,220E,3,1
2018,2018-08-01,220W,3,7
2018,2018-08-01,230S,3,2
2018,2018-08-02,214E,3,1
2018,2018-08-02,214W,3,21
2018,2018-08-02,218E,3,3
2018,2018-08-02,218W,3,1
2018,2018-08-02,220E,3,9
2018,2018-08-02,220W,3,1
2018,2018-08-03,214W,3,12
2018,2018-08-03,218E,3,1
2018,2018-08-03,218W,3,3
2018,2018-08-03,220E,3,2
2018,2018-08-03,220W,3,6
2018,2018-08-04,218E,3,1
2018,2018-08-04,218W,3,1
2018,2018-08-04,220E,3,6
2018,2018-08-04,220W,3,4
2018,2018-08-05,214E,3,3
2018,2018-08-05,214W,3,6
2018,2018-08-05,220W,3,3
2018,2018-08-05,230N,3,1
2018,2018-08-06,214E,3,1
2018,2018-08-06,214W,3,2
2018,2018-08-06,218W,3,8
2018,2018-08-06,230S,3,1
2018,2018-08-07,214E,3,3
2018,2018-08-07,218W,3,2
2018,2018-08-07,220E,3,2
2018,2018-08-07,220W,3,1
2018,2018-08-08,214W,3,3
2018,2018-08-08,218W,3,1
2018,2018-08-08,220W,3,2
2018,2018-08-09,214W,3,6
2018,2018-08-09,218E,3,1
2018,2018-08-09,220W,3,1
2018,2018-08-09,230S,3,1
2018,2018-08-10,218W,3,1
2018,2018-08-10,220E,3,1
2018,2018-08-11,214E,3,1
2018,2018-08-11,214W,3,14
2018,2018-08-11,230S,3,1
2018,2018-08-12,214W,3,1
2018,2018-08-12,218W,3,3
2018,2018-08-12,230S,3,1
2018,2018-08-13,214W,3,2
2018,2018-08-13,218E,3,1
2018,2018-08-13,218W,3,8
2018,2018-08-14,214E,3,1
2018,2018-08-14,214W,3,7
2018,2018-08-14,218W,3,1
2018,2018-08-14,230S,3,1
2018,2018-08-15,218W,3,1
2018,2018-08-16,218W,3,1
2018,2018-08-16,220W,3,1
2018,2018-08-17,218E,3,1
2018,2018-08-17,218W,3,2
2018,2018-08-17,220E,3,2
2018,2018-08-18,214W,3,3
2018,2018-08-18,218E,3,3
2018,2018-08-18,218W,3,2
2018,2018-08-18,220E,3,1
2018,2018-08-19,218W,3,2
2018,2018-08-20,214W,3,1
2018,2018-08-20,218W,3,1
2018,2018-08-21,218E,3,5
2018,2018-08-21,220E,3,6
2018,2018-08-21,220W,3,3
2018,2018-08-21,230S,3,1
2018,2018-08-22,218E,3,2
2018,2018-08-22,218W,3,3
2018,2018-08-22,220E,3,21
2018,2018-08-22,220W,3,2
2018,2018-08-23,218W,3,1
2018,2018-08-23,220E,3,14
2018,2018-08-23,220W,3,4
2018,2018-08-24,214W,3,2
2018,2018-08-24,218W,3,1
2018,2018-08-24,220E,3,4
2018,2018-08-24,230N,3,1
2018,2018-08-24,230S,3,3
2018,2018-08-25,214W,3,2
2018,2018-08-25,220E,3,1
2018,2018-08-25,220W,3,2
2018,2018-08-26,214W,3,1
2018,2018-08-26,218W,3,2
2018,2018-08-27,218E,3,1
2018,2018-08-28,214E,3,1
2018,2018-08-28,214W,3,12
2018,2018-08-28,218W,3,2
2018,2018-08-28,220E,3,3
2018,2018-08-28,220W,3,3
2018,2018-08-29,218W,3,1
2018,2018-08-30,220E,3,3
